# Main body | length 4 | barrel -X up +Y
mtllib electroburst.mtl
g main_body
v -1.193974 0.354880 -0.070966
v -1.193974 0.276139 -0.070966
v -1.193974 0.315507 -0.087774
v -1.193974 0.259829 -0.031748
v -1.193974 0.371190 -0.031748
v -1.193974 0.276139 0.007470
v -1.193974 0.354880 0.007470
v -1.193974 0.315507 0.023655
v -1.642057 0.413782 -0.031748
v -1.658678 0.410047 -0.126370
v -1.658678 0.449209 -0.031748
v -1.658678 0.410047 0.062874
v -1.389069 0.486168 -0.031748
v -1.373444 0.410906 0.063496
v -1.373444 0.450417 -0.031748
v -1.389069 0.144852 -0.031748
v -1.373444 0.220113 0.063496
v -1.389069 0.194839 0.089019
v -1.373444 0.180603 -0.031748
v -1.389069 0.194839 -0.152515
v -1.387948 0.217549 -0.031748
v -1.373444 0.410906 -0.126992
v -1.387948 0.246240 0.037351
v -1.387948 0.315507 0.065986
v -1.373444 0.220113 -0.126992
v -1.389069 0.436180 -0.152515
v -1.387948 0.246240 -0.100847
v -1.387948 0.315507 -0.130105
v -1.387948 0.384780 0.037351
v -1.387948 0.413471 -0.031748
v -1.387948 0.384780 -0.100847
v -1.373444 0.315507 -0.166833
v -1.389069 0.315507 -0.202316
v -1.512637 0.229445 -0.117654
v -1.512637 0.315507 -0.153760
v -1.526706 0.315507 -0.117032
v -1.512637 0.193787 -0.031748
v -1.528200 0.158696 -0.031748
v -1.512637 0.229445 0.054158
v -1.528200 0.204625 -0.142555
v -1.528200 0.204625 0.079059
v -1.512637 0.315507 0.089641
v -1.526706 0.315507 0.052913
v -1.526706 0.375660 0.028013
v -1.528200 0.315507 -0.188621
v -1.528200 0.426394 -0.142555
v -1.512637 0.401581 0.054158
v -1.528200 0.426394 0.079059
v -1.526706 0.400579 -0.031748
v -1.528200 0.472323 -0.031748
v -1.512637 0.437232 -0.031748
v -1.512637 0.401581 -0.117654
v -1.526706 0.375660 -0.092131
v -1.389069 0.436180 0.089019
v -1.389069 0.315507 0.138820
v -1.373444 0.315507 0.103337
v -1.528200 0.315507 0.125125
v -1.526706 0.255360 0.028013
v -1.526706 0.230441 -0.031748
v -1.526706 0.255360 -0.092131
v -1.642057 0.384998 -0.101469
v -1.642057 0.384998 0.037351
v -1.658678 0.315507 -0.165588
v -1.655690 0.375386 -0.031748
v -1.642057 0.315507 -0.130105
v -1.658678 0.220972 -0.126370
v -1.655690 0.315507 -0.091509
v -1.655690 0.357850 -0.074079
v -1.642057 0.246022 -0.101469
v -1.658678 0.181810 -0.031748
v -1.655690 0.357850 0.010583
v -1.655690 0.315507 0.028013
v -1.655690 0.273170 -0.074079
v -1.655690 0.255634 -0.031748
v -1.642057 0.217237 -0.031748
v -1.655690 0.273170 0.010583
v -1.642057 0.246022 0.037351
v -1.658678 0.220972 0.062874
v -1.642057 0.315507 0.066609
v -1.658678 0.315507 0.102092
v -1.738919 0.315507 0.019920
v -1.768364 0.383360 0.036106
v -1.768364 0.315507 0.064119
v -1.768364 0.247659 0.036106
v -1.738919 0.352229 0.004980
v -1.768364 0.411460 -0.031748
v -1.738919 0.367437 -0.031748
v -1.728586 0.315507 -0.031748
v -1.738919 0.352229 -0.068476
v -1.768364 0.383360 -0.099602
v -1.738919 0.315507 -0.084039
v -1.768364 0.315507 -0.127615
v -1.768364 0.247659 -0.099602
v -1.738919 0.278791 -0.068476
v -1.768364 0.219559 -0.031748
v -1.738919 0.263583 -0.031748
v -1.738919 0.278791 0.004980
v -1.193974 0.354880 -0.070966
v -1.752988 0.354880 -0.070966
v -1.193974 0.371190 -0.031748
v -1.752988 0.371190 -0.031748
v -1.193974 0.354880 0.007470
v -1.752988 0.354880 0.007470
v -1.694410 0.463278 -0.031748
v -1.730142 0.410047 0.062874
v -1.694410 0.420001 0.072834
v -1.658678 0.410047 0.062874
v -1.730142 0.449209 -0.031748
v -1.730142 0.410047 -0.126370
v -1.694410 0.420001 -0.136330
v -1.658678 0.410047 -0.126370
v -1.658678 0.449209 -0.031748
v -1.389069 0.436180 -0.152515
v -1.424863 0.500685 -0.031748
v -1.389069 0.486168 -0.031748
v -1.387948 0.217549 -0.031748
v -1.424863 0.257283 0.026145
v -1.387948 0.246240 0.037351
v -1.424863 0.233161 -0.031748
v -1.387948 0.246240 -0.100847
v -1.424863 0.257283 -0.090264
v -1.461716 0.217549 -0.031748
v -1.461716 0.246240 0.037351
v -1.461716 0.246240 -0.100847
v -1.460657 0.436180 0.089019
v -1.460657 0.486168 -0.031748
v -1.424863 0.446445 -0.162475
v -1.460657 0.436180 -0.152515
v -1.563372 0.486498 -0.031748
v -1.528200 0.426394 0.079059
v -1.528200 0.472323 -0.031748
v -1.528200 0.426394 -0.142555
v -1.563372 0.436417 -0.152515
v -1.598543 0.426394 -0.142555
v -1.598543 0.472323 -0.031748
v -1.598543 0.426394 0.079059
v -1.424863 0.446445 0.098979
v -1.389069 0.436180 0.089019
v -1.563372 0.436417 0.089019
v -1.599975 0.230441 -0.031748
v -1.599975 0.255360 0.028013
v -1.563372 0.266428 0.017430
v -1.563372 0.266428 -0.080926
v -1.599975 0.255360 -0.092131
v -1.563372 0.246097 -0.031748
v -1.526706 0.230441 -0.031748
v -1.526706 0.255360 0.028013
v -1.526706 0.255360 -0.092131
v -1.733130 0.255634 -0.031748
v -1.733130 0.273170 0.010583
v -1.694410 0.285265 -0.001868
v -1.694410 0.285265 -0.062251
v -1.733130 0.273170 -0.074079
v -1.694410 0.272740 -0.031748
v -1.655690 0.255634 -0.031748
v -1.655690 0.273170 0.010583
v -1.655690 0.273170 -0.074079
v -1.960222 0.411460 -0.031748
v -1.960222 0.383360 0.036106
v -1.916210 0.440874 -0.031748
v -1.960222 0.383360 -0.099602
v -1.916210 0.404158 -0.120767
v -1.916210 0.404158 0.056648
v -1.864293 0.451201 -0.031748
v -1.864293 0.411460 -0.127615
v -1.864293 0.411460 0.064119
v -1.812375 0.404158 0.056648
v -1.812375 0.404158 -0.120767
v -1.812375 0.440874 -0.031748
v -1.768364 0.383360 0.036106
v -1.768364 0.411460 -0.031748
v -1.768364 0.383360 -0.099602
v -1.193974 0.276139 0.007470
v -1.752988 0.315507 0.023655
v -1.752988 0.276139 0.007470
v -1.193974 0.315507 0.023655
v -1.752988 0.354880 0.007470
v -1.193974 0.354880 0.007470
v -1.694410 0.315507 0.115787
v -1.730142 0.220972 0.062874
v -1.694410 0.211018 0.072834
v -1.658678 0.220972 0.062874
v -1.730142 0.315507 0.102092
v -1.730142 0.410047 0.062874
v -1.694410 0.420001 0.072834
v -1.658678 0.410047 0.062874
v -1.387948 0.315507 -0.130105
v -1.424863 0.257283 -0.090264
v -1.387948 0.246240 -0.100847
v -1.424863 0.315507 -0.113919
v -1.461716 0.315507 -0.130105
v -1.461716 0.246240 -0.100847
v -1.424863 0.373743 -0.090264
v -1.461716 0.384780 -0.100847
v -1.387948 0.384780 -0.100847
v -1.563372 0.364592 -0.080926
v -1.599975 0.315507 -0.117032
v -1.563372 0.315507 -0.101469
v -1.526706 0.315507 -0.117032
v -1.526706 0.375660 -0.092131
v -1.599975 0.375660 -0.092131
v -1.424863 0.315507 0.153137
v -1.460657 0.194839 0.089019
v -1.424863 0.184574 0.098979
v -1.389069 0.194839 0.089019
v -1.460657 0.315507 0.138820
v -1.460657 0.436180 0.089019
v -1.424863 0.446445 0.098979
v -1.389069 0.436180 0.089019
v -1.389069 0.315507 0.138820
v -1.563372 0.315507 0.138820
v -1.598543 0.204625 0.079059
v -1.563372 0.194603 0.089019
v -1.528200 0.204625 0.079059
v -1.598543 0.315507 0.125125
v -1.598543 0.426394 0.079059
v -1.528200 0.315507 0.125125
v -1.528200 0.426394 0.079059
v -1.563372 0.436417 0.089019
v -1.563372 0.266428 -0.080926
v -1.599975 0.255360 -0.092131
v -1.526706 0.255360 -0.092131
v -1.733130 0.315507 -0.091509
v -1.694410 0.345754 -0.062251
v -1.733130 0.357850 -0.074079
v -1.655690 0.315507 -0.091509
v -1.655690 0.357850 -0.074079
v -1.694410 0.315507 -0.074701
v -1.694410 0.285265 -0.062251
v -1.733130 0.273170 -0.074079
v -1.655690 0.273170 -0.074079
v -1.658678 0.315507 0.102092
v -1.864293 0.219559 0.064119
v -1.864293 0.315507 0.103959
v -1.916210 0.226861 0.056648
v -1.812375 0.226861 0.056648
v -1.916210 0.315507 0.093376
v -1.960222 0.247659 0.036106
v -1.960222 0.315507 0.064119
v -1.960222 0.383360 0.036106
v -1.916210 0.404158 0.056648
v -1.864293 0.411460 0.064119
v -1.812375 0.404158 0.056648
v -1.812375 0.315507 0.093376
v -1.768364 0.383360 0.036106
v -1.768364 0.247659 0.036106
v -1.768364 0.315507 0.064119
v -1.746763 0.315507 0.066609
v -1.730142 0.220972 0.062874
v -1.730142 0.315507 0.102092
v -1.746763 0.246022 0.037351
v -1.730142 0.181810 -0.031748
v -1.746763 0.384998 0.037351
v -1.733130 0.315507 0.028013
v -1.730142 0.410047 0.062874
v -1.746763 0.217237 -0.031748
v -1.746763 0.413782 -0.031748
v -1.730142 0.449209 -0.031748
v -1.730142 0.410047 -0.126370
v -1.733130 0.375386 -0.031748
v -1.733130 0.357850 0.010583
v -1.746763 0.384998 -0.101469
v -1.476220 0.220113 0.063496
v -1.461716 0.315507 0.065986
v -1.461716 0.246240 0.037351
v -1.461716 0.217549 -0.031748
v -1.476220 0.180603 -0.031748
v -1.461716 0.246240 -0.100847
v -1.476220 0.220113 -0.126992
v -1.476220 0.410906 0.063496
v -1.461716 0.384780 0.037351
v -1.461716 0.315507 -0.130105
v -1.461716 0.413471 -0.031748
v -1.476220 0.450417 -0.031748
v -1.476220 0.410906 -0.126992
v -1.460657 0.486168 -0.031748
v -1.460657 0.436180 0.089019
v -1.461716 0.384780 -0.100847
v -1.460657 0.436180 -0.152515
v -1.460657 0.315507 -0.202316
v -1.460657 0.194839 -0.152515
v -1.476220 0.315507 -0.166833
v -1.598543 0.204625 -0.142555
v -1.614106 0.315507 -0.153760
v -1.598543 0.315507 -0.188621
v -1.598543 0.426394 -0.142555
v -1.614106 0.229445 -0.117654
v -1.599975 0.315507 -0.117032
v -1.598543 0.472323 -0.031748
v -1.614106 0.401581 0.054158
v -1.598543 0.426394 0.079059
v -1.599975 0.375660 -0.092131
v -1.614106 0.401581 -0.117654
v -1.614106 0.437232 -0.031748
v -1.599975 0.400579 -0.031748
v -1.599975 0.375660 0.028013
v -1.614106 0.315507 0.089641
v -1.599975 0.315507 0.052913
v -1.460657 0.144852 -0.031748
v -1.460657 0.194839 0.089019
v -1.476220 0.315507 0.103337
v -1.460657 0.315507 0.138820
v -1.598543 0.204625 0.079059
v -1.598543 0.315507 0.125125
v -1.614106 0.229445 0.054158
v -1.598543 0.158696 -0.031748
v -1.614106 0.193787 -0.031748
v -1.599975 0.230441 -0.031748
v -1.599975 0.255360 0.028013
v -1.599975 0.255360 -0.092131
v -1.730142 0.315507 -0.165588
v -1.730142 0.220972 -0.126370
v -1.746763 0.315507 -0.130105
v -1.746763 0.246022 -0.101469
v -1.733130 0.315507 -0.091509
v -1.733130 0.357850 -0.074079
v -1.733130 0.273170 -0.074079
v -1.733130 0.273170 0.010583
v -1.733130 0.255634 -0.031748
v -1.989666 0.278791 0.004980
v -1.960222 0.219559 -0.031748
v -1.960222 0.247659 0.036106
v -1.989666 0.263583 -0.031748
v -1.989666 0.315507 0.019920
v -1.960222 0.315507 0.064119
v -2.000000 0.315507 -0.031748
v -1.989666 0.278791 -0.068476
v -1.960222 0.247659 -0.099602
v -1.960222 0.383360 0.036106
v -1.989666 0.315507 -0.084039
v -1.960222 0.315507 -0.127615
v -1.989666 0.352229 0.004980
v -1.989666 0.367437 -0.031748
v -1.989666 0.352229 -0.068476
v -1.960222 0.383360 -0.099602
v -1.960222 0.411460 -0.031748
v -1.193974 0.259829 -0.031748
v -1.752988 0.276139 0.007470
v -1.752988 0.259829 -0.031748
v -1.193974 0.276139 -0.070966
v -1.752988 0.276139 -0.070966
v -1.193974 0.276139 0.007470
v -1.730142 0.220972 0.062874
v -1.730142 0.181810 -0.031748
v -1.694410 0.167742 -0.031748
v -1.694410 0.211018 0.072834
v -1.658678 0.220972 0.062874
v -1.389069 0.194839 0.089019
v -1.424863 0.130335 -0.031748
v -1.389069 0.144852 -0.031748
v -1.389069 0.194839 -0.152515
v -1.424863 0.373743 0.026145
v -1.387948 0.413471 -0.031748
v -1.387948 0.384780 0.037351
v -1.461716 0.413471 -0.031748
v -1.461716 0.384780 0.037351
v -1.424863 0.397859 -0.031748
v -1.424863 0.373743 -0.090264
v -1.461716 0.384780 -0.100847
v -1.387948 0.384780 -0.100847
v -1.528200 0.204625 0.079059
v -1.563372 0.144522 -0.031748
v -1.528200 0.158696 -0.031748
v -1.528200 0.204625 -0.142555
v -1.563372 0.194603 -0.152515
v -1.598543 0.204625 -0.142555
v -1.563372 0.364592 0.017430
v -1.526706 0.400579 -0.031748
v -1.526706 0.375660 0.028013
v -1.563372 0.364592 -0.080926
v -1.526706 0.375660 -0.092131
v -1.563372 0.384923 -0.031748
v -1.599975 0.400579 -0.031748
v -1.599975 0.375660 -0.092131
v -1.599975 0.375660 0.028013
v -1.460657 0.194839 0.089019
v -1.460657 0.144852 -0.031748
v -1.460657 0.194839 -0.152515
v -1.424863 0.184574 -0.162475
v -1.424863 0.184574 0.098979
v -1.598543 0.204625 0.079059
v -1.598543 0.158696 -0.031748
v -1.563372 0.194603 0.089019
v -1.694410 0.211018 -0.136330
v -1.658678 0.220972 -0.126370
v -1.730142 0.220972 -0.126370
v -1.658678 0.181810 -0.031748
v -1.694410 0.345754 -0.062251
v -1.733130 0.375386 -0.031748
v -1.733130 0.357850 -0.074079
v -1.694410 0.358279 -0.031748
v -1.694410 0.345754 -0.001868
v -1.733130 0.357850 0.010583
v -1.655690 0.375386 -0.031748
v -1.655690 0.357850 -0.074079
v -1.655690 0.357850 0.010583
v -1.916210 0.226861 0.056648
v -1.864293 0.179818 -0.031748
v -1.864293 0.219559 0.064119
v -1.812375 0.226861 0.056648
v -1.812375 0.190146 -0.031748
v -1.916210 0.190146 -0.031748
v -1.960222 0.247659 0.036106
v -1.916210 0.226861 -0.120767
v -1.864293 0.219559 -0.127615
v -1.812375 0.226861 -0.120767
v -1.960222 0.247659 -0.099602
v -1.960222 0.219559 -0.031748
v -1.768364 0.247659 0.036106
v -1.768364 0.247659 -0.099602
v -1.768364 0.219559 -0.031748
v -1.752988 0.276139 -0.070966
v -1.193974 0.315507 -0.087774
v -1.193974 0.276139 -0.070966
v -1.752988 0.315507 -0.087774
v -1.193974 0.354880 -0.070966
v -1.752988 0.354880 -0.070966
v -1.694410 0.315507 -0.179905
v -1.730142 0.410047 -0.126370
v -1.694410 0.420001 -0.136330
v -1.658678 0.410047 -0.126370
v -1.424863 0.257283 0.026145
v -1.387948 0.315507 0.065986
v -1.387948 0.246240 0.037351
v -1.424863 0.315507 0.050423
v -1.424863 0.373743 0.026145
v -1.387948 0.384780 0.037351
v -1.461716 0.315507 0.065986
v -1.461716 0.246240 0.037351
v -1.461716 0.384780 0.037351
v -1.389069 0.194839 -0.152515
v -1.424863 0.315507 -0.217256
v -1.389069 0.315507 -0.202316
v -1.389069 0.436180 -0.152515
v -1.424863 0.446445 -0.162475
v -1.460657 0.436180 -0.152515
v -1.460657 0.315507 -0.202316
v -1.460657 0.194839 -0.152515
v -1.563372 0.315507 -0.202938
v -1.528200 0.204625 -0.142555
v -1.563372 0.194603 -0.152515
v -1.598543 0.204625 -0.142555
v -1.528200 0.315507 -0.188621
v -1.526706 0.315507 0.052913
v -1.563372 0.364592 0.017430
v -1.526706 0.375660 0.028013
v -1.528200 0.426394 -0.142555
v -1.563372 0.436417 -0.152515
v -1.598543 0.426394 -0.142555
v -1.598543 0.315507 -0.188621
v -1.599975 0.315507 0.052913
v -1.599975 0.375660 0.028013
v -1.424863 0.184574 -0.162475
v -1.563372 0.266428 0.017430
v -1.599975 0.255360 0.028013
v -1.563372 0.315507 0.037351
v -1.526706 0.255360 0.028013
v -1.658678 0.315507 -0.165588
v -1.658678 0.220972 -0.126370
v -1.694410 0.211018 -0.136330
v -1.730142 0.220972 -0.126370
v -1.730142 0.315507 -0.165588
v -1.694410 0.345754 -0.001868
v -1.733130 0.315507 0.028013
v -1.733130 0.357850 0.010583
v -1.694410 0.315507 0.011205
v -1.655690 0.315507 0.028013
v -1.655690 0.357850 0.010583
v -1.694410 0.285265 -0.001868
v -1.733130 0.273170 0.010583
v -1.655690 0.273170 0.010583
v -1.916210 0.226861 -0.120767
v -1.864293 0.315507 -0.167455
v -1.864293 0.219559 -0.127615
v -1.812375 0.226861 -0.120767
v -1.916210 0.315507 -0.157495
v -1.960222 0.247659 -0.099602
v -1.960222 0.315507 -0.127615
v -1.960222 0.383360 -0.099602
v -1.916210 0.404158 -0.120767
v -1.864293 0.411460 -0.127615
v -1.812375 0.404158 -0.120767
v -1.768364 0.383360 -0.099602
v -1.812375 0.315507 -0.157495
v -1.768364 0.315507 -0.127615
v -1.768364 0.247659 -0.099602
v 2.000000 0.496919 0.127615
v 2.000000 -0.190799 0.127615
v 2.000000 0.496919 -0.191111
v 2.000000 -0.190799 -0.191111
v 1.184512 0.033304 -0.191111
v 1.184512 0.496919 -0.191111
v 1.184512 0.033304 0.127615
v 1.184512 0.496919 0.127615
v 0.827004 -0.366858 -0.070966
v 1.017555 0.018613 -0.070966
v 1.017555 0.018613 0.007470
v 0.827004 -0.366858 0.007470
v 0.922560 0.692704 -0.131972
v 0.972361 0.530852 0.067854
v 0.972361 0.530852 -0.131972
v 0.972361 0.455939 0.067854
v 0.972361 0.455939 -0.131972
v 0.922560 0.692704 0.067854
v 0.908865 0.731125 -0.081549
v 0.885209 0.797205 -0.131972
v 0.885209 0.797205 -0.081549
v 0.908865 0.731125 0.018053
v 0.885209 0.797205 0.067854
v 0.885209 0.797205 0.018053
v 0.970555 0.072112 -0.070966
v 0.711653 0.446688 -0.070966
v 0.711653 0.446688 0.007470
v 0.970555 0.072112 0.007470
v 0.448456 0.398674 0.007470
v 0.193538 0.029824 -0.070966
v 0.448456 0.398674 -0.070966
v 0.193538 0.029824 0.007470
v 0.039094 0.020854 -0.191111
v 0.039094 0.496919 -0.191111
v 0.039094 0.020854 0.127615
v 0.039094 0.496919 0.127615
v -0.425672 0.060801 -0.070966
v -0.103648 0.382850 -0.070966
v -0.103648 0.382850 0.007470
v -0.425672 0.060801 0.007470
v 0.094310 0.685458 -0.131972
v 0.094310 0.685458 0.067854
v 0.094310 0.667804 -0.131972
v 0.094310 0.667804 0.067854
v 0.094310 0.545873 -0.131972
v 0.094310 0.545873 0.067854
v -1.024963 0.565525 0.067854
v -1.024963 0.711853 -0.131972
v -1.024963 0.711853 0.067854
v -1.024963 0.565525 -0.131972
v -0.872883 0.799272 0.017430
v -0.872883 0.799272 0.067854
v -0.826818 0.730646 0.017430
v -0.647846 0.530852 0.067854
v -0.647846 0.530852 -0.131972
v -0.826818 0.730646 -0.080926
v -0.872883 0.799272 -0.131972
v -0.872883 0.799272 -0.080926
v -0.634711 0.113621 -0.070966
v -0.956798 0.435670 -0.070966
v -0.956798 0.435670 0.007470
v -0.634711 0.113621 0.007470
v -1.026208 0.006841 -0.191111
v -1.026208 0.473581 -0.191111
v -1.026208 0.006841 0.127615
v -1.026208 0.473581 0.127615
v -1.101843 0.799272 -0.131972
v -0.872883 0.799272 -0.080926
v -0.872883 0.799272 -0.131972
v -1.101843 0.799272 -0.080926
v -1.101843 0.799272 0.067854
v -0.872883 0.799272 0.067854
v -1.101843 0.799272 0.017430
v -0.872883 0.799272 0.017430
v 0.885209 0.797205 -0.131972
v 0.137388 0.797205 -0.131972
v 0.137388 0.797205 -0.081549
v 0.885209 0.797205 -0.081549
v 0.885209 0.797205 0.018053
v 0.137388 0.797205 0.018053
v 0.137388 0.797205 0.067854
v 0.885209 0.797205 0.067854
v -1.101843 0.730646 -0.080926
v -0.826818 0.730646 0.017430
v -0.826818 0.730646 -0.080926
v -1.101843 0.730646 0.017430
v 0.042891 0.731125 -0.081549
v 0.908865 0.731125 0.018053
v 0.908865 0.731125 -0.081549
v 0.042891 0.731125 0.018053
v 0.137388 0.797205 -0.131972
v 0.042891 0.731125 -0.081549
v 0.137388 0.797205 -0.081549
v -0.012014 0.692704 -0.131972
v 0.042891 0.731125 0.018053
v -0.012014 0.692704 0.067854
v 0.137388 0.797205 0.067854
v 0.137388 0.797205 0.018053
v -0.012014 0.530852 -0.131972
v -0.647846 0.530852 -0.131972
v -0.647846 0.530852 0.067854
v -0.012014 0.530852 0.067854
v -0.156499 0.435670 -0.070966
v -0.478523 0.113621 -0.070966
v -0.478523 0.113621 0.007470
v -0.156499 0.435670 0.007470
v 0.094310 0.545873 -0.131972
v 0.841945 0.549234 0.067854
v 0.841945 0.549234 -0.131972
v 0.094310 0.545873 0.067854
v -0.085408 0.496919 -0.191111
v 0.039094 0.496919 0.127615
v 0.039094 0.496919 -0.191111
v -0.085408 0.496919 0.127615
v 1.060010 0.496919 -0.191111
v 1.184512 0.496919 0.127615
v 1.184512 0.496919 -0.191111
v 1.060010 0.496919 0.127615
v 1.788347 0.496919 -0.191111
v 2.000000 0.496919 0.127615
v 2.000000 0.496919 -0.191111
v 1.788347 0.496919 0.127615
v -1.150710 0.473581 -0.191111
v -1.026208 0.473581 0.127615
v -1.026208 0.473581 -0.191111
v -1.150710 0.473581 0.127615
v -0.802602 0.565507 0.067854
v -0.802602 0.565507 -0.131972
v -0.831611 0.544497 -0.131972
v -0.831611 0.544497 0.067854
v -0.993028 0.544497 -0.131972
v -1.024963 0.565525 -0.131972
v -1.024963 0.565525 0.067854
v -0.993028 0.544497 0.067854
v 1.177664 -0.512849 -0.070966
v 0.810010 -0.330061 -0.070966
v 0.810010 -0.330061 0.007470
v 1.177664 -0.512849 0.007470
v 1.726905 0.298724 -0.070966
v 1.377988 0.005970 -0.070966
v 1.377988 0.005970 0.007470
v 1.726905 0.298724 0.007470
v -1.150710 0.473581 0.127615
v -1.150710 0.006841 0.127615
v -1.026208 0.006841 0.127615
v -1.026208 0.473581 0.127615
v -0.085408 0.496919 0.127615
v -0.085408 0.020854 0.127615
v 0.039094 0.020854 0.127615
v 0.039094 0.496919 0.127615
v 1.060010 0.496919 0.127615
v 1.060010 0.033304 0.127615
v 1.184512 0.033304 0.127615
v 1.184512 0.496919 0.127615
v 1.788347 0.496919 0.127615
v 1.788347 -0.190799 0.127615
v 2.000000 -0.190799 0.127615
v 2.000000 0.496919 0.127615
v -0.647846 0.530852 0.067854
v -1.101843 0.530852 0.067854
v -0.647846 0.455939 0.067854
v -1.101843 0.455939 0.067854
v -0.012014 0.455939 0.067854
v -0.012014 0.530852 0.067854
v 0.972361 0.455939 0.067854
v 0.972361 0.530852 0.067854
v 0.094310 0.545873 0.067854
v 0.094310 0.667804 0.067854
v 0.841945 0.549234 0.067854
v -0.012014 0.692704 0.067854
v 0.922560 0.692704 0.067854
v 0.094310 0.685458 0.067854
v 0.810695 0.665843 0.067854
v 0.137388 0.797205 0.067854
v 0.796564 0.719989 0.067854
v 0.147161 0.719989 0.067854
v 0.885209 0.797205 0.067854
v -0.802602 0.565507 0.067854
v -0.773033 0.542107 0.067854
v -0.872883 0.799272 0.067854
v -0.927415 0.711853 0.067854
v -1.024963 0.711853 0.067854
v -1.101843 0.799272 0.067854
v -0.831611 0.544497 0.067854
v -1.024963 0.565525 0.067854
v -0.993028 0.544497 0.067854
v -1.044323 0.541055 0.067854
v -0.478523 0.113621 0.007470
v -0.103648 0.382850 0.007470
v -0.156499 0.435670 0.007470
v -0.425672 0.060801 0.007470
v -1.009587 0.382850 0.007470
v -0.634711 0.113621 0.007470
v -0.956798 0.435670 0.007470
v -0.687562 0.060801 0.007470
v 1.425984 -0.051257 0.007470
v 1.726905 0.298724 0.007470
v 1.377988 0.005970 0.007470
v 1.774900 0.241503 0.007470
v 0.654445 0.398674 0.007470
v 0.970555 0.072112 0.007470
v 0.711653 0.446688 0.007470
v 0.913347 0.024097 0.007470
v 0.136267 0.077845 0.007470
v 0.448456 0.398674 0.007470
v 0.391185 0.446688 0.007470
v 0.193538 0.029824 0.007470
v 0.763446 -0.327658 0.007470
v 1.017555 0.018613 0.007470
v 0.953934 0.057812 0.007470
v 0.827004 -0.366858 0.007470
v 1.177664 -0.512849 0.007470
v 0.810010 -0.330061 0.007470
v 0.783118 -0.399757 0.007470
v 1.150834 -0.582551 0.007470
v -1.101843 0.730646 -0.080926
v -0.826818 0.730646 -0.080926
v -0.872883 0.799272 -0.080926
v -1.101843 0.799272 -0.080926
v 0.042891 0.731125 -0.081549
v 0.908865 0.731125 -0.081549
v 0.137388 0.797205 -0.081549
v 0.885209 0.797205 -0.081549
v -1.150710 0.006841 -0.191111
v -1.150710 0.473581 0.127615
v -1.150710 0.473581 -0.191111
v -1.150710 0.006841 0.127615
v -1.101843 0.455939 -0.131972
v -1.101843 0.455939 0.067854
v -1.101843 0.530852 -0.131972
v -1.101843 0.530852 0.067854
v -1.101843 0.730646 -0.080926
v -1.101843 0.799272 -0.131972
v -1.101843 0.799272 -0.080926
v -1.101843 0.730646 0.017430
v -1.101843 0.799272 0.067854
v -1.101843 0.799272 0.017430
v -1.009587 0.382850 -0.070966
v -0.687562 0.060801 -0.070966
v -0.687562 0.060801 0.007470
v -1.009587 0.382850 0.007470
v -0.012014 0.530852 -0.131972
v -0.012014 0.530852 0.067854
v -0.012014 0.692704 0.067854
v -0.012014 0.692704 -0.131972
v -0.085408 0.020854 -0.191111
v -0.085408 0.496919 0.127615
v -0.085408 0.496919 -0.191111
v -0.085408 0.020854 0.127615
v 0.391185 0.446688 -0.070966
v 0.136267 0.077845 -0.070966
v 0.136267 0.077845 0.007470
v 0.391185 0.446688 0.007470
v -0.802602 0.565507 -0.131972
v -0.927415 0.711853 0.067854
v -0.927415 0.711853 -0.131972
v -0.802602 0.565507 0.067854
v 0.654445 0.398674 -0.070966
v 0.913347 0.024097 -0.070966
v 0.913347 0.024097 0.007470
v 0.654445 0.398674 0.007470
v 0.841945 0.549234 -0.131972
v 0.841945 0.549234 0.067854
v 0.810695 0.665843 -0.131972
v 0.810695 0.665843 0.067854
v 0.796564 0.719989 -0.131972
v 0.796564 0.719989 0.067854
v 0.953934 0.057812 -0.070966
v 0.763446 -0.327658 -0.070966
v 0.763446 -0.327658 0.007470
v 0.953934 0.057812 0.007470
v 1.060010 0.033304 -0.191111
v 1.060010 0.496919 0.127615
v 1.060010 0.496919 -0.191111
v 1.060010 0.033304 0.127615
v 1.788347 -0.190799 -0.191111
v 1.788347 0.496919 0.127615
v 1.788347 0.496919 -0.191111
v 1.788347 -0.190799 0.127615
v 1.425984 -0.051257 -0.070966
v 1.774900 0.241503 -0.070966
v 1.774900 0.241503 0.007470
v 1.425984 -0.051257 0.007470
v 2.000000 -0.190799 -0.191111
v 1.788347 -0.190799 0.127615
v 1.788347 -0.190799 -0.191111
v 2.000000 -0.190799 0.127615
v 0.783118 -0.399757 -0.070966
v 1.150834 -0.582551 -0.070966
v 1.150834 -0.582551 0.007470
v 0.783118 -0.399757 0.007470
v -1.026208 0.006841 -0.191111
v -1.150710 0.006841 0.127615
v -1.150710 0.006841 -0.191111
v -1.026208 0.006841 0.127615
v 0.039094 0.020854 -0.191111
v -0.085408 0.020854 0.127615
v -0.085408 0.020854 -0.191111
v 0.039094 0.020854 0.127615
v 1.184512 0.033304 -0.191111
v 1.060010 0.033304 0.127615
v 1.060010 0.033304 -0.191111
v 1.184512 0.033304 0.127615
v 0.796564 0.719989 0.067854
v 0.147161 0.719989 0.067854
v 0.796564 0.719989 -0.131972
v 0.147161 0.719989 -0.131972
v 0.094310 0.685458 0.067854
v 0.094310 0.685458 -0.131972
v -0.927415 0.711853 -0.131972
v -0.927415 0.711853 0.067854
v -1.024963 0.711853 -0.131972
v -1.024963 0.711853 0.067854
v -1.026208 0.473581 -0.191111
v -1.150710 0.006841 -0.191111
v -1.150710 0.473581 -0.191111
v -1.026208 0.006841 -0.191111
v 0.039094 0.496919 -0.191111
v -0.085408 0.020854 -0.191111
v -0.085408 0.496919 -0.191111
v 0.039094 0.020854 -0.191111
v 1.184512 0.496919 -0.191111
v 1.060010 0.033304 -0.191111
v 1.060010 0.496919 -0.191111
v 1.184512 0.033304 -0.191111
v 2.000000 0.496919 -0.191111
v 1.788347 -0.190799 -0.191111
v 1.788347 0.496919 -0.191111
v 2.000000 -0.190799 -0.191111
v 0.972361 0.530852 -0.131972
v -0.012014 0.455939 -0.131972
v -0.012014 0.530852 -0.131972
v 0.972361 0.455939 -0.131972
v -0.647846 0.455939 -0.131972
v 0.094310 0.545873 -0.131972
v 0.841945 0.549234 -0.131972
v 0.922560 0.692704 -0.131972
v 0.094310 0.667804 -0.131972
v 0.810695 0.665843 -0.131972
v -0.012014 0.692704 -0.131972
v 0.796564 0.719989 -0.131972
v 0.094310 0.685458 -0.131972
v 0.885209 0.797205 -0.131972
v 0.137388 0.797205 -0.131972
v 0.147161 0.719989 -0.131972
v -0.647846 0.530852 -0.131972
v -1.101843 0.455939 -0.131972
v -1.101843 0.530852 -0.131972
v -0.773033 0.542107 -0.131972
v -0.802602 0.565507 -0.131972
v -0.872883 0.799272 -0.131972
v -0.831611 0.544497 -0.131972
v -0.927415 0.711853 -0.131972
v -1.024963 0.711853 -0.131972
v -1.101843 0.799272 -0.131972
v -0.993028 0.544497 -0.131972
v -1.024963 0.565525 -0.131972
v -1.044323 0.541055 -0.131972
v -0.103648 0.382850 -0.070966
v -0.425672 0.060801 -0.070966
v -0.478523 0.113621 -0.070966
v -0.156499 0.435670 -0.070966
v -0.634711 0.113621 -0.070966
v -1.009587 0.382850 -0.070966
v -0.956798 0.435670 -0.070966
v -0.687562 0.060801 -0.070966
v 1.425984 -0.051257 -0.070966
v 1.726905 0.298724 -0.070966
v 1.774900 0.241503 -0.070966
v 1.377988 0.005970 -0.070966
v 0.654445 0.398674 -0.070966
v 0.970555 0.072112 -0.070966
v 0.913347 0.024097 -0.070966
v 0.711653 0.446688 -0.070966
v 0.448456 0.398674 -0.070966
v 0.193538 0.029824 -0.070966
v 0.136267 0.077845 -0.070966
v 0.391185 0.446688 -0.070966
v 1.017555 0.018613 -0.070966
v 0.827004 -0.366858 -0.070966
v 0.763446 -0.327658 -0.070966
v 0.953934 0.057812 -0.070966
v 1.177664 -0.512849 -0.070966
v 0.783118 -0.399757 -0.070966
v 0.810010 -0.330061 -0.070966
v 1.150834 -0.582551 -0.070966
v -0.826818 0.730646 0.017430
v -1.101843 0.730646 0.017430
v -0.872883 0.799272 0.017430
v -1.101843 0.799272 0.017430
v 0.908865 0.731125 0.018053
v 0.042891 0.731125 0.018053
v 0.137388 0.797205 0.018053
v 0.885209 0.797205 0.018053
v 1.789094 0.177913 -0.160608
v 1.789094 0.177913 0.096489
v 1.789094 -0.117698 -0.160608
v 1.789094 -0.117698 0.096489
v 1.789094 0.465183 -0.160608
v 1.789094 0.465183 0.096489
v 1.254856 0.121028 -0.160608
v 1.254856 0.374029 0.096489
v 1.254856 0.121028 0.096489
v 1.254856 0.374029 -0.160608
v 1.068414 0.057962 -0.149402
v 1.068414 0.466640 -0.149402
v 1.068414 0.466640 0.085284
v 1.068414 0.057962 0.085284
v 1.174739 -0.470001 -0.131350
v 1.002864 0.095505 -0.131350
v 1.002864 0.095505 0.067854
v 1.174739 -0.470001 0.067854
v 1.186566 -0.508927 0.067854
v 1.186566 -0.508927 -0.131350
v 1.210222 -0.586772 0.067854
v 1.210222 -0.586772 -0.131350
v -0.077316 0.465183 -0.155005
v -0.077316 0.465183 0.091509
v -0.077316 0.058777 -0.155005
v -0.077316 0.058777 0.091509
v 0.887575 -0.559923 -0.131350
v 0.887575 -0.559923 0.067854
v 0.902515 -0.609668 -0.131350
v 0.902515 -0.609668 0.067854
v 0.878237 -0.528723 0.067854
v 0.878237 -0.528723 -0.131350
v 0.741472 -0.073039 0.067854
v 0.741472 -0.073039 -0.131350
v 0.125560 0.099097 -0.149402
v 0.125560 0.393352 -0.149402
v 0.125560 0.393352 0.085284
v 0.125560 0.099097 0.085284
v -0.957794 0.130304 -0.155005
v -0.957794 0.393657 -0.155005
v -0.957794 0.393657 0.091509
v -0.957794 0.130304 0.091509
v 1.418949 -0.018202 -0.160608
v 1.418949 -0.018202 0.096489
v 1.684387 -0.018202 -0.160608
v 1.684387 -0.018202 0.096489
v 1.254856 0.121028 -0.160608
v 1.254856 0.121028 0.096489
v 1.068414 0.466640 -0.149402
v 0.026581 0.466640 -0.149402
v 0.026581 0.466640 0.085284
v 1.068414 0.466640 0.085284
v 1.789094 0.465183 -0.160608
v 1.155316 0.465183 -0.160608
v 1.155316 0.465183 0.096489
v 1.789094 0.465183 0.096489
v -0.155378 0.130304 -0.155005
v -0.957794 0.130304 -0.155005
v -0.957794 0.130304 0.091509
v -0.155378 0.130304 0.091509
v 0.636454 -0.015849 -0.131350
v 1.002864 0.095505 0.067854
v 1.002864 0.095505 -0.131350
v 0.636454 -0.015849 0.067854
v -0.077316 0.465183 -0.155005
v -1.035857 0.465183 0.091509
v -0.077316 0.465183 0.091509
v -1.035857 0.465183 -0.155005
v 0.406873 0.026177 -0.149402
v 0.125560 0.099097 -0.149402
v 0.125560 0.099097 0.085284
v 0.406873 0.026177 0.085284
v 0.688185 0.026177 -0.149402
v 0.969497 0.099097 -0.149402
v 0.688185 0.026177 0.085284
v 0.969497 0.099097 0.085284
v 1.107943 -0.546863 -0.131350
v 0.902515 -0.609668 -0.131350
v 0.902515 -0.609668 0.067854
v 1.107943 -0.546863 0.067854
v 1.155316 0.096128 0.096489
v 1.394049 -0.117698 0.096489
v 1.254856 0.121028 0.096489
v 1.418949 -0.018202 0.096489
v 1.254856 0.374029 0.096489
v 1.684387 -0.117698 0.096489
v 1.155316 0.465183 0.096489
v 1.684387 -0.018202 0.096489
v 1.684387 0.374029 0.096489
v 1.789094 -0.117698 0.096489
v 1.789094 0.465183 0.096489
v 1.789094 0.177913 0.096489
v 1.684387 0.177913 0.096489
v -0.077316 0.058777 0.091509
v -0.077316 0.465183 0.091509
v -0.155378 0.393657 0.091509
v -1.035857 0.465183 0.091509
v -0.155378 0.130304 0.091509
v -0.957794 0.393657 0.091509
v -1.035857 0.058777 0.091509
v -0.957794 0.130304 0.091509
v 0.969497 0.393352 0.085284
v 0.969497 0.099097 0.085284
v 1.068414 0.057962 0.085284
v 0.721178 -0.043320 0.085284
v 1.068414 0.466640 0.085284
v 0.688185 0.026177 0.085284
v 0.026581 0.466640 0.085284
v 0.373879 -0.043320 0.085284
v 0.125560 0.393352 0.085284
v 0.406873 0.026177 0.085284
v 0.026581 0.057962 0.085284
v 0.125560 0.099097 0.085284
v 1.210222 -0.586772 0.067854
v 0.902515 -0.609668 0.067854
v 0.804843 -0.709960 0.067854
v 0.781188 -0.632115 0.067854
v 1.107943 -0.546863 0.067854
v 0.887575 -0.559923 0.067854
v 1.186566 -0.508927 0.067854
v 0.808329 -0.581362 0.067854
v 1.092816 -0.497105 0.067854
v 0.878237 -0.528723 0.067854
v 1.174739 -0.470001 0.067854
v 0.741472 -0.073039 0.067854
v 1.083416 -0.466042 0.067854
v 0.636454 -0.015849 0.067854
v 0.945530 -0.010732 0.067854
v 1.002864 0.095505 0.067854
v -0.155378 0.393657 -0.155005
v -0.155378 0.130304 -0.155005
v -0.155378 0.130304 0.091509
v -0.155378 0.393657 0.091509
v 0.026581 0.466640 -0.149402
v 0.026581 0.057962 -0.149402
v 0.026581 0.057962 0.085284
v 0.026581 0.466640 0.085284
v 0.636454 -0.015849 -0.131350
v 0.808329 -0.581362 -0.131350
v 0.808329 -0.581362 0.067854
v 0.636454 -0.015849 0.067854
v 0.781188 -0.632115 -0.131350
v 0.781188 -0.632115 0.067854
v 0.804843 -0.709960 -0.131350
v 0.804843 -0.709960 0.067854
v -1.035857 0.465183 -0.155005
v -1.035857 0.058777 0.091509
v -1.035857 0.465183 0.091509
v -1.035857 0.058777 -0.155005
v 1.107943 -0.546863 -0.131350
v 1.107943 -0.546863 0.067854
v 1.092816 -0.497105 -0.131350
v 1.092816 -0.497105 0.067854
v 1.083416 -0.466042 -0.131350
v 1.083416 -0.466042 0.067854
v 0.945530 -0.010732 -0.131350
v 0.945530 -0.010732 0.067854
v 0.969497 0.393352 -0.149402
v 0.969497 0.099097 0.085284
v 0.969497 0.393352 0.085284
v 0.969497 0.099097 -0.149402
v 1.155316 0.096128 -0.160608
v 1.155316 0.096128 0.096489
v 1.155316 0.465183 -0.160608
v 1.155316 0.465183 0.096489
v 1.684387 -0.018202 -0.160608
v 1.684387 0.177913 0.096489
v 1.684387 0.177913 -0.160608
v 1.684387 -0.018202 0.096489
v 1.684387 0.374029 -0.160608
v 1.684387 0.374029 0.096489
v 0.804843 -0.709960 -0.131350
v 1.210222 -0.586772 -0.131350
v 1.210222 -0.586772 0.067854
v 0.804843 -0.709960 0.067854
v 0.741472 -0.073039 -0.131350
v 0.945530 -0.010732 -0.131350
v 0.945530 -0.010732 0.067854
v 0.741472 -0.073039 0.067854
v -1.035857 0.058777 -0.155005
v -0.077316 0.058777 -0.155005
v -0.077316 0.058777 0.091509
v -1.035857 0.058777 0.091509
v 0.026581 0.057962 -0.149402
v 0.373879 -0.043320 -0.149402
v 0.373879 -0.043320 0.085284
v 0.026581 0.057962 0.085284
v 0.721178 -0.043320 0.085284
v 0.721178 -0.043320 -0.149402
v 1.068414 0.057962 0.085284
v 1.068414 0.057962 -0.149402
v 1.155316 0.096128 -0.160608
v 1.394049 -0.117698 -0.160608
v 1.155316 0.096128 0.096489
v 1.394049 -0.117698 0.096489
v 1.684387 -0.117698 -0.160608
v 1.684387 -0.117698 0.096489
v 1.789094 -0.117698 0.096489
v 1.789094 -0.117698 -0.160608
v 0.125560 0.393352 -0.149402
v 0.969497 0.393352 0.085284
v 0.125560 0.393352 0.085284
v 0.969497 0.393352 -0.149402
v 1.684387 0.374029 -0.160608
v 1.254856 0.374029 0.096489
v 1.254856 0.374029 -0.160608
v 1.684387 0.374029 0.096489
v -0.957794 0.393657 -0.155005
v -0.155378 0.393657 -0.155005
v -0.155378 0.393657 0.091509
v -0.957794 0.393657 0.091509
v 1.155316 0.465183 -0.160608
v 1.684387 0.374029 -0.160608
v 1.254856 0.374029 -0.160608
v 1.789094 0.465183 -0.160608
v 1.155316 0.096128 -0.160608
v 1.789094 0.177913 -0.160608
v 1.254856 0.121028 -0.160608
v 1.684387 0.177913 -0.160608
v 1.394049 -0.117698 -0.160608
v 1.684387 -0.018202 -0.160608
v 1.418949 -0.018202 -0.160608
v 1.789094 -0.117698 -0.160608
v 1.684387 -0.117698 -0.160608
v -1.035857 0.465183 -0.155005
v -0.077316 0.465183 -0.155005
v -0.155378 0.393657 -0.155005
v -0.077316 0.058777 -0.155005
v -0.957794 0.393657 -0.155005
v -0.155378 0.130304 -0.155005
v -1.035857 0.058777 -0.155005
v -0.957794 0.130304 -0.155005
v 0.969497 0.099097 -0.149402
v 0.721178 -0.043320 -0.149402
v 0.688185 0.026177 -0.149402
v 0.406873 0.026177 -0.149402
v 1.068414 0.057962 -0.149402
v 0.373879 -0.043320 -0.149402
v 0.969497 0.393352 -0.149402
v 0.125560 0.099097 -0.149402
v 1.068414 0.466640 -0.149402
v 0.026581 0.057962 -0.149402
v 0.026581 0.466640 -0.149402
v 0.125560 0.393352 -0.149402
v 1.174739 -0.470001 -0.131350
v 0.945530 -0.010732 -0.131350
v 1.002864 0.095505 -0.131350
v 0.636454 -0.015849 -0.131350
v 1.083416 -0.466042 -0.131350
v 0.741472 -0.073039 -0.131350
v 1.092816 -0.497105 -0.131350
v 0.808329 -0.581362 -0.131350
v 1.186566 -0.508927 -0.131350
v 0.878237 -0.528723 -0.131350
v 1.107943 -0.546863 -0.131350
v 0.887575 -0.559923 -0.131350
v 1.210222 -0.586772 -0.131350
v 0.781188 -0.632115 -0.131350
v 0.902515 -0.609668 -0.131350
v 0.804843 -0.709960 -0.131350
vt 60.0079 -36.9921 
vt 60.0079 -37.0079 
vt 60.0112 -37 
vt 60 -37.0112 
vt 60 -36.9888 
vt 59.9921 -37.0079 
vt 59.9921 -36.9921 
vt 59.9888 -37 
vt 60 -36.9803 
vt 60.019 -36.981 
vt 60 -36.9732 
vt 59.981 -36.981 
vt 60 -36.9657 
vt 59.9808 -36.9808 
vt 60 -36.9729 
vt 60 -37.0343 
vt 59.9808 -37.0192 
vt 59.9758 -37.0242 
vt 60 -37.0271 
vt 60.0242 -37.0242 
vt 60 -37.0197 
vt 60.0192 -36.9808 
vt 59.9861 -37.0139 
vt 59.9803 -37 
vt 60.0192 -37.0192 
vt 60.0242 -36.9758 
vt 60.0139 -37.0139 
vt 60.0197 -37 
vt 59.9861 -36.9861 
vt 60 -36.9803 
vt 60.0139 -36.9861 
vt 60.0271 -37 
vt 60.0343 -37 
vt 60.0173 -37.0173 
vt 60.0244 -37 
vt 60.0171 -37 
vt 60 -37.0244 
vt 60 -37.0315 
vt 59.9827 -37.0173 
vt 60.0223 -37.0223 
vt 59.9777 -37.0223 
vt 59.9756 -37 
vt 59.9829 -37 
vt 59.9879 -36.9879 
vt 60.0315 -37 
vt 60.0223 -36.9777 
vt 59.9827 -36.9827 
vt 59.9777 -36.9777 
vt 60 -36.9829 
vt 60 -36.9685 
vt 60 -36.9756 
vt 60.0173 -36.9827 
vt 60.0121 -36.9879 
vt 59.9758 -36.9758 
vt 59.9657 -37 
vt 59.9729 -37 
vt 59.9685 -37 
vt 59.9879 -37.0121 
vt 60 -37.0171 
vt 60.0121 -37.0121 
vt 60.014 -36.986 
vt 59.986 -36.986 
vt 60.0268 -37 
vt 60 -36.988 
vt 60.0197 -37 
vt 60.019 -37.019 
vt 60.012 -37 
vt 60.0085 -36.9915 
vt 60.014 -37.014 
vt 60 -37.0268 
vt 59.9915 -36.9915 
vt 59.988 -37 
vt 60.0085 -37.0085 
vt 60 -37.012 
vt 60 -37.0197 
vt 59.9915 -37.0085 
vt 59.986 -37.014 
vt 59.981 -37.019 
vt 59.9803 -37 
vt 59.9732 -37 
vt 59.9896 -37 
vt 59.9864 -36.9864 
vt 59.9807 -37 
vt 59.9864 -37.0136 
vt 59.9926 -36.9926 
vt 60 -36.9807 
vt 60 -36.9896 
vt 60 -37 
vt 60.0074 -36.9926 
vt 60.0136 -36.9864 
vt 60.0104 -37 
vt 60.0193 -37 
vt 60.0136 -37.0136 
vt 60.0074 -37.0074 
vt 60 -37.0193 
vt 60 -37.0104 
vt 59.9926 -37.0074 
vt 59.9191 -37.0079 
vt 60.0313 -37.0079 
vt 59.9191 -37 
vt 60.0313 -37 
vt 59.9191 -36.9921 
vt 60.0313 -36.9921 
vt 60.0196 -37 
vt 60.0267 -36.981 
vt 60.0196 -36.979 
vt 60.0124 -36.981 
vt 60.0267 -37 
vt 60.0267 -37.019 
vt 60.0196 -37.021 
vt 60.0124 -37.019 
vt 60.0124 -37 
vt 59.9582 -37.0242 
vt 59.9654 -37 
vt 59.9582 -37 
vt 59.958 -37 
vt 59.9654 -36.9883 
vt 59.958 -36.9861 
vt 59.9654 -37 
vt 59.958 -37.0139 
vt 59.9654 -37.0117 
vt 59.9728 -37 
vt 59.9728 -36.9861 
vt 59.9728 -37.0139 
vt 59.9726 -36.9758 
vt 59.9726 -37 
vt 59.9654 -37.0263 
vt 59.9726 -37.0242 
vt 59.9932 -37 
vt 59.9862 -36.9777 
vt 59.9862 -37 
vt 59.9862 -37.0223 
vt 59.9932 -37.0243 
vt 60.0003 -37.0223 
vt 60.0003 -37 
vt 60.0003 -36.9777 
vt 59.9654 -36.9737 
vt 59.9582 -36.9758 
vt 59.9932 -36.9757 
vt 60.0006 -37 
vt 60.0006 -36.9879 
vt 59.9932 -36.9901 
vt 59.9932 -37.0099 
vt 60.0006 -37.0121 
vt 59.9932 -37 
vt 59.9859 -37 
vt 59.9859 -36.9879 
vt 59.9859 -37.0121 
vt 60.0273 -37 
vt 60.0273 -36.9915 
vt 60.0196 -36.9939 
vt 60.0196 -37.0061 
vt 60.0273 -37.0085 
vt 60.0196 -37 
vt 60.0118 -37 
vt 60.0118 -36.9915 
vt 60.0118 -37.0085 
vt 60.0729 -37 
vt 60.0729 -36.9864 
vt 60.0641 -37 
vt 60.0729 -37.0136 
vt 60.0641 -37.0178 
vt 60.0641 -36.9822 
vt 60.0537 -37 
vt 60.0537 -37.0193 
vt 60.0537 -36.9807 
vt 60.0432 -36.9822 
vt 60.0432 -37.0178 
vt 60.0432 -37 
vt 60.0344 -36.9864 
vt 60.0344 -37 
vt 60.0344 -37.0136 
vt 60.0809 -37.0079 
vt 59.9687 -37 
vt 59.9687 -37.0079 
vt 60.0809 -37 
vt 59.9687 -36.9921 
vt 60.0809 -36.9921 
vt 59.9804 -37 
vt 59.9733 -37.019 
vt 59.9804 -37.021 
vt 59.9876 -37.019 
vt 59.9733 -37 
vt 59.9733 -36.981 
vt 59.9804 -36.979 
vt 59.9876 -36.981 
vt 60.042 -37 
vt 60.0346 -37.0117 
vt 60.042 -37.0139 
vt 60.0346 -37 
vt 60.0272 -37 
vt 60.0272 -37.0139 
vt 60.0346 -36.9883 
vt 60.0272 -36.9861 
vt 60.042 -36.9861 
vt 60.0068 -36.9901 
vt 59.9994 -37 
vt 60.0068 -37 
vt 60.0141 -37 
vt 60.0141 -36.9879 
vt 59.9994 -36.9879 
vt 60.0346 -37 
vt 60.0274 -37.0242 
vt 60.0346 -37.0263 
vt 60.0418 -37.0242 
vt 60.0274 -37 
vt 60.0274 -36.9758 
vt 60.0346 -36.9737 
vt 60.0418 -36.9758 
vt 60.0418 -37 
vt 60.0068 -37 
vt 59.9997 -37.0223 
vt 60.0068 -37.0243 
vt 60.0138 -37.0223 
vt 59.9997 -37 
vt 59.9997 -36.9777 
vt 60.0138 -37 
vt 60.0138 -36.9777 
vt 60.0068 -36.9757 
vt 60.0068 -37.0099 
vt 59.9994 -37.0121 
vt 60.0141 -37.0121 
vt 59.9727 -37 
vt 59.9804 -36.9939 
vt 59.9727 -36.9915 
vt 59.9882 -37 
vt 59.9882 -36.9915 
vt 59.9804 -37 
vt 59.9804 -37.0061 
vt 59.9727 -37.0085 
vt 59.9882 -37.0085 
vt 59.9876 -37 
vt 59.9463 -37.0193 
vt 59.9463 -37 
vt 59.9359 -37.0178 
vt 59.9568 -37.0178 
vt 59.9359 -37 
vt 59.9271 -37.0136 
vt 59.9271 -37 
vt 59.9271 -36.9864 
vt 59.9359 -36.9822 
vt 59.9463 -36.9807 
vt 59.9568 -36.9822 
vt 59.9568 -37 
vt 59.9656 -36.9864 
vt 59.9656 -37.0136 
vt 59.9656 -37 
vt 60.0197 -37 
vt 60.019 -37.019 
vt 60.0268 -37 
vt 60.014 -37.014 
vt 60 -37.0268 
vt 60.014 -36.986 
vt 60.012 -37 
vt 60.019 -36.981 
vt 60 -37.0197 
vt 60 -36.9803 
vt 60 -36.9732 
vt 59.981 -36.981 
vt 60 -36.988 
vt 60.0085 -36.9915 
vt 59.986 -36.986 
vt 60.0192 -37.0192 
vt 60.0197 -37 
vt 60.0139 -37.0139 
vt 60 -37.0197 
vt 60 -37.0271 
vt 59.9861 -37.0139 
vt 59.9808 -37.0192 
vt 60.0192 -36.9808 
vt 60.0139 -36.9861 
vt 59.9803 -37 
vt 60 -36.9803 
vt 60 -36.9729 
vt 59.9808 -36.9808 
vt 60 -36.9657 
vt 60.0242 -36.9758 
vt 59.9861 -36.9861 
vt 59.9758 -36.9758 
vt 59.9657 -37 
vt 59.9758 -37.0242 
vt 59.9729 -37 
vt 59.9777 -37.0223 
vt 59.9756 -37 
vt 59.9685 -37 
vt 59.9777 -36.9777 
vt 59.9827 -37.0173 
vt 59.9829 -37 
vt 60 -36.9685 
vt 60.0173 -36.9827 
vt 60.0223 -36.9777 
vt 59.9879 -36.9879 
vt 59.9827 -36.9827 
vt 60 -36.9756 
vt 60 -36.9829 
vt 60.0121 -36.9879 
vt 60.0244 -37 
vt 60.0171 -37 
vt 60 -37.0343 
vt 60.0242 -37.0242 
vt 60.0271 -37 
vt 60.0343 -37 
vt 60.0223 -37.0223 
vt 60.0315 -37 
vt 60.0173 -37.0173 
vt 60 -37.0315 
vt 60 -37.0244 
vt 60 -37.0171 
vt 60.0121 -37.0121 
vt 59.9879 -37.0121 
vt 59.9732 -37 
vt 59.981 -37.019 
vt 59.9803 -37 
vt 59.986 -37.014 
vt 59.988 -37 
vt 59.9915 -36.9915 
vt 59.9915 -37.0085 
vt 60.0085 -37.0085 
vt 60 -37.012 
vt 60.0074 -37.0074 
vt 60 -37.0193 
vt 60.0136 -37.0136 
vt 60 -37.0104 
vt 60.0104 -37 
vt 60.0193 -37 
vt 60 -37 
vt 59.9926 -37.0074 
vt 59.9864 -37.0136 
vt 60.0136 -36.9864 
vt 59.9896 -37 
vt 59.9807 -37 
vt 60.0074 -36.9926 
vt 60 -36.9896 
vt 59.9926 -36.9926 
vt 59.9864 -36.9864 
vt 60 -36.9807 
vt 60.0809 -37 
vt 59.9687 -36.9921 
vt 59.9687 -37 
vt 60.0809 -37.0079 
vt 59.9687 -37.0079 
vt 60.0809 -36.9921 
vt 59.9733 -36.981 
vt 59.9733 -37 
vt 59.9804 -37 
vt 59.9804 -36.979 
vt 59.9876 -36.981 
vt 60.0418 -36.9758 
vt 60.0346 -37 
vt 60.0418 -37 
vt 60.0418 -37.0242 
vt 60.0346 -36.9883 
vt 60.042 -37 
vt 60.042 -36.9861 
vt 60.0272 -37 
vt 60.0272 -36.9861 
vt 60.0346 -37 
vt 60.0346 -37.0117 
vt 60.0272 -37.0139 
vt 60.042 -37.0139 
vt 60.0138 -36.9777 
vt 60.0068 -37 
vt 60.0138 -37 
vt 60.0138 -37.0223 
vt 60.0068 -37.0243 
vt 59.9997 -37.0223 
vt 60.0068 -36.9901 
vt 60.0141 -37 
vt 60.0141 -36.9879 
vt 60.0068 -37.0099 
vt 60.0141 -37.0121 
vt 60.0068 -37 
vt 59.9994 -37 
vt 59.9994 -37.0121 
vt 59.9994 -36.9879 
vt 60.0274 -36.9758 
vt 60.0274 -37 
vt 60.0274 -37.0242 
vt 60.0346 -37.0263 
vt 60.0346 -36.9737 
vt 59.9997 -36.9777 
vt 59.9997 -37 
vt 60.0068 -36.9757 
vt 59.9804 -37.021 
vt 59.9876 -37.019 
vt 59.9733 -37.019 
vt 59.9876 -37 
vt 59.9804 -37.0061 
vt 59.9727 -37 
vt 59.9727 -37.0085 
vt 59.9804 -37 
vt 59.9804 -36.9939 
vt 59.9727 -36.9915 
vt 59.9882 -37 
vt 59.9882 -37.0085 
vt 59.9882 -36.9915 
vt 59.9359 -36.9822 
vt 59.9463 -37 
vt 59.9463 -36.9807 
vt 59.9568 -36.9822 
vt 59.9568 -37 
vt 59.9359 -37 
vt 59.9271 -36.9864 
vt 59.9359 -37.0178 
vt 59.9463 -37.0193 
vt 59.9568 -37.0178 
vt 59.9271 -37.0136 
vt 59.9271 -37 
vt 59.9656 -36.9864 
vt 59.9656 -37.0136 
vt 59.9656 -37 
vt 60.0313 -37.0079 
vt 59.9191 -37 
vt 59.9191 -37.0079 
vt 60.0313 -37 
vt 59.9191 -36.9921 
vt 60.0313 -36.9921 
vt 60.0196 -37 
vt 60.0267 -36.981 
vt 60.0196 -36.979 
vt 60.0124 -36.981 
vt 59.9654 -37.0117 
vt 59.958 -37 
vt 59.958 -37.0139 
vt 59.9654 -37 
vt 59.9654 -36.9883 
vt 59.958 -36.9861 
vt 59.9728 -37 
vt 59.9728 -37.0139 
vt 59.9728 -36.9861 
vt 59.9582 -37.0242 
vt 59.9654 -37 
vt 59.9582 -37 
vt 59.9582 -36.9758 
vt 59.9654 -36.9737 
vt 59.9726 -36.9758 
vt 59.9726 -37 
vt 59.9726 -37.0242 
vt 59.9932 -37 
vt 59.9862 -37.0223 
vt 59.9932 -37.0243 
vt 60.0003 -37.0223 
vt 59.9862 -37 
vt 59.9859 -37 
vt 59.9932 -36.9901 
vt 59.9859 -36.9879 
vt 59.9862 -36.9777 
vt 59.9932 -36.9757 
vt 60.0003 -36.9777 
vt 60.0003 -37 
vt 60.0006 -37 
vt 60.0006 -36.9879 
vt 59.9654 -37.0263 
vt 59.9932 -37.0099 
vt 60.0006 -37.0121 
vt 59.9932 -37 
vt 59.9859 -37.0121 
vt 60.0124 -37 
vt 60.0124 -37.019 
vt 60.0196 -37.021 
vt 60.0267 -37.019 
vt 60.0267 -37 
vt 60.0196 -36.9939 
vt 60.0273 -37 
vt 60.0273 -36.9915 
vt 60.0196 -37 
vt 60.0118 -37 
vt 60.0118 -36.9915 
vt 60.0196 -37.0061 
vt 60.0273 -37.0085 
vt 60.0118 -37.0085 
vt 60.0641 -37.0178 
vt 60.0537 -37 
vt 60.0537 -37.0193 
vt 60.0432 -37.0178 
vt 60.0641 -37 
vt 60.0729 -37.0136 
vt 60.0729 -37 
vt 60.0729 -36.9864 
vt 60.0641 -36.9822 
vt 60.0537 -36.9807 
vt 60.0432 -36.9822 
vt 60.0344 -36.9864 
vt 60.0432 -37 
vt 60.0344 -37 
vt 60.0344 -37.0136 
vt 21.968 -30.922 
vt 21.968 -31.0601 
vt 22.032 -30.922 
vt 22.032 -31.0601 
vt 22.032 -31.0151 
vt 22.032 -30.922 
vt 21.968 -31.0151 
vt 21.968 -30.922 
vt 22.0079 -31.0954 
vt 22.0079 -31.018 
vt 21.9921 -31.018 
vt 21.9921 -31.0954 
vt 22.02 -30.8827 
vt 21.98 -30.9152 
vt 22.02 -30.9152 
vt 21.98 -30.9302 
vt 22.02 -30.9302 
vt 21.98 -30.8827 
vt 22.01 -30.8749 
vt 22.02 -30.8617 
vt 22.01 -30.8617 
vt 21.99 -30.8749 
vt 21.98 -30.8617 
vt 21.99 -30.8617 
vt 22.0079 -31.0073 
vt 22.0079 -30.9321 
vt 21.9921 -30.9321 
vt 21.9921 -31.0073 
vt 21.9921 -30.9417 
vt 22.0079 -31.0158 
vt 22.0079 -30.9417 
vt 21.9921 -31.0158 
vt 22.032 -31.0176 
vt 22.032 -30.922 
vt 21.968 -31.0176 
vt 21.968 -30.922 
vt 22.0079 -31.0096 
vt 22.0079 -30.9449 
vt 21.9921 -30.9449 
vt 21.9921 -31.0096 
vt 22.02 -30.8841 
vt 21.98 -30.8841 
vt 22.02 -30.8877 
vt 21.98 -30.8877 
vt 22.02 -30.9121 
vt 21.98 -30.9121 
vt 21.98 -30.9082 
vt 22.02 -30.8788 
vt 21.98 -30.8788 
vt 22.02 -30.9082 
vt 21.9901 -30.8613 
vt 21.98 -30.8613 
vt 21.9901 -30.875 
vt 21.98 -30.9152 
vt 22.02 -30.9152 
vt 22.0099 -30.875 
vt 22.02 -30.8613 
vt 22.0099 -30.8613 
vt 22.0079 -30.9989 
vt 22.0079 -30.9343 
vt 21.9921 -30.9343 
vt 21.9921 -30.9989 
vt 22.032 -31.0204 
vt 22.032 -30.9267 
vt 21.968 -31.0204 
vt 21.968 -30.9267 
vt 22.3065 -31.02 
vt 22.2605 -31.0099 
vt 22.2605 -31.02 
vt 22.3065 -31.0099 
vt 22.3065 -30.98 
vt 22.2605 -30.98 
vt 22.3065 -30.9901 
vt 22.2605 -30.9901 
vt 21.9075 -31.02 
vt 22.0577 -31.02 
vt 22.0577 -31.01 
vt 21.9075 -31.01 
vt 21.9075 -30.99 
vt 22.0577 -30.99 
vt 22.0577 -30.98 
vt 21.9075 -30.98 
vt 22.3065 -31.0099 
vt 22.2513 -30.9901 
vt 22.2513 -31.0099 
vt 22.3065 -30.9901 
vt 22.0767 -31.01 
vt 21.9028 -30.99 
vt 21.9028 -31.01 
vt 22.0767 -30.99 
vt 22.0577 -31.02 
vt 22.0767 -31.01 
vt 22.0577 -31.01 
vt 22.0877 -31.02 
vt 22.0767 -30.99 
vt 22.0877 -30.98 
vt 22.0577 -30.98 
vt 22.0577 -30.99 
vt 22.0877 -31.02 
vt 22.2154 -31.02 
vt 22.2154 -30.98 
vt 22.0877 -30.98 
vt 22.1167 -31.0079 
vt 22.1814 -31.0079 
vt 22.1814 -30.9921 
vt 22.1167 -30.9921 
vt 22.0663 -31.02 
vt 21.9162 -30.98 
vt 21.9162 -31.02 
vt 22.0663 -30.98 
vt 22.1024 -31.032 
vt 22.0774 -30.968 
vt 22.0774 -31.032 
vt 22.1024 -30.968 
vt 21.8724 -31.032 
vt 21.8474 -30.968 
vt 21.8474 -31.032 
vt 21.8724 -30.968 
vt 21.7262 -31.032 
vt 21.6837 -30.968 
vt 21.6837 -31.032 
vt 21.7262 -30.968 
vt 22.3163 -31.032 
vt 22.2913 -30.968 
vt 22.2913 -31.032 
vt 22.3163 -30.968 
vt 22.2464 -30.98 
vt 22.2464 -31.02 
vt 22.2523 -31.02 
vt 22.2523 -30.98 
vt 22.2847 -31.02 
vt 22.2911 -31.02 
vt 22.2911 -30.98 
vt 22.2847 -30.98 
vt 21.8488 -31.0079 
vt 21.9226 -31.0079 
vt 21.9226 -30.9921 
vt 21.8488 -30.9921 
vt 21.7385 -31.0079 
vt 21.8086 -31.0079 
vt 21.8086 -30.9921 
vt 21.7385 -30.9921 
vt 21.6837 -30.9267 
vt 21.6837 -31.0204 
vt 21.7087 -31.0204 
vt 21.7087 -30.9267 
vt 21.8976 -30.922 
vt 21.8976 -31.0176 
vt 21.9226 -31.0176 
vt 21.9226 -30.922 
vt 22.1276 -30.922 
vt 22.1276 -31.0151 
vt 22.1526 -31.0151 
vt 22.1526 -30.922 
vt 22.2738 -30.922 
vt 22.2738 -31.0601 
vt 22.3163 -31.0601 
vt 22.3163 -30.922 
vt 21.7846 -30.9152 
vt 21.6935 -30.9152 
vt 21.7846 -30.9302 
vt 21.6935 -30.9302 
vt 21.9123 -30.9302 
vt 21.9123 -30.9152 
vt 22.11 -30.9302 
vt 22.11 -30.9152 
vt 21.9337 -30.9121 
vt 21.9337 -30.8877 
vt 22.0838 -30.9115 
vt 21.9123 -30.8827 
vt 22.1 -30.8827 
vt 21.9337 -30.8841 
vt 22.0775 -30.8881 
vt 21.9423 -30.8617 
vt 22.0747 -30.8772 
vt 21.9443 -30.8772 
vt 22.0925 -30.8617 
vt 21.7536 -30.9082 
vt 21.7595 -30.9129 
vt 21.7395 -30.8613 
vt 21.7285 -30.8788 
vt 21.7089 -30.8788 
vt 21.6935 -30.8613 
vt 21.7477 -30.9124 
vt 21.7089 -30.9082 
vt 21.7153 -30.9124 
vt 21.705 -30.9131 
vt 21.8186 -30.9989 
vt 21.8939 -30.9449 
vt 21.8833 -30.9343 
vt 21.8293 -31.0096 
vt 21.712 -30.9449 
vt 21.7873 -30.9989 
vt 21.7226 -30.9343 
vt 21.7767 -31.0096 
vt 22.2011 -31.0321 
vt 22.2615 -30.9618 
vt 22.1914 -31.0206 
vt 22.2711 -30.9733 
vt 22.0461 -30.9417 
vt 22.1096 -31.0073 
vt 22.0576 -30.9321 
vt 22.0981 -31.0169 
vt 21.9421 -31.0061 
vt 22.0048 -30.9417 
vt 21.9933 -30.9321 
vt 21.9536 -31.0158 
vt 22.068 -31.0876 
vt 22.1191 -31.018 
vt 22.1063 -31.0102 
vt 22.0808 -31.0954 
vt 22.1512 -31.1247 
vt 22.0774 -31.088 
vt 22.072 -31.102 
vt 22.1458 -31.1387 
vt 21.6935 -30.875 
vt 21.7487 -30.875 
vt 21.7395 -30.8613 
vt 21.6935 -30.8613 
vt 21.9233 -30.8749 
vt 22.0972 -30.8749 
vt 21.9423 -30.8617 
vt 22.0925 -30.8617 
vt 21.968 -31.0204 
vt 22.032 -30.9267 
vt 21.968 -30.9267 
vt 22.032 -31.0204 
vt 21.98 -30.9302 
vt 22.02 -30.9302 
vt 21.98 -30.9152 
vt 22.02 -30.9152 
vt 21.9901 -30.875 
vt 21.98 -30.8613 
vt 21.9901 -30.8613 
vt 22.0099 -30.875 
vt 22.02 -30.8613 
vt 22.0099 -30.8613 
vt 21.9921 -30.9449 
vt 21.9921 -31.0096 
vt 22.0079 -31.0096 
vt 22.0079 -30.9449 
vt 21.98 -30.9152 
vt 22.02 -30.9152 
vt 22.02 -30.8827 
vt 21.98 -30.8827 
vt 21.968 -31.0176 
vt 22.032 -30.922 
vt 21.968 -30.922 
vt 22.032 -31.0176 
vt 21.9921 -30.9321 
vt 21.9921 -31.0061 
vt 22.0079 -31.0061 
vt 22.0079 -30.9321 
vt 21.98 -30.9082 
vt 22.02 -30.8788 
vt 21.98 -30.8788 
vt 22.02 -30.9082 
vt 21.9921 -30.9417 
vt 21.9921 -31.0169 
vt 22.0079 -31.0169 
vt 22.0079 -30.9417 
vt 21.98 -30.9115 
vt 22.02 -30.9115 
vt 21.98 -30.8881 
vt 22.02 -30.8881 
vt 21.98 -30.8772 
vt 22.02 -30.8772 
vt 21.9921 -31.0102 
vt 21.9921 -31.0876 
vt 22.0079 -31.0876 
vt 22.0079 -31.0102 
vt 21.968 -31.0151 
vt 22.032 -30.922 
vt 21.968 -30.922 
vt 22.032 -31.0151 
vt 21.968 -31.0601 
vt 22.032 -30.922 
vt 21.968 -30.922 
vt 22.032 -31.0601 
vt 22.2011 -31.0079 
vt 22.2711 -31.0079 
vt 22.2711 -30.9921 
vt 22.2011 -30.9921 
vt 22.3163 -31.032 
vt 22.2738 -30.968 
vt 22.2738 -31.032 
vt 22.3163 -30.968 
vt 22.072 -31.0079 
vt 22.1458 -31.0079 
vt 22.1458 -30.9921 
vt 22.072 -30.9921 
vt 21.7087 -31.032 
vt 21.6837 -30.968 
vt 21.6837 -31.032 
vt 21.7087 -30.968 
vt 21.9226 -31.032 
vt 21.8976 -30.968 
vt 21.8976 -31.032 
vt 21.9226 -30.968 
vt 22.1526 -31.032 
vt 22.1276 -30.968 
vt 22.1276 -31.032 
vt 22.1526 -30.968 
vt 22.0747 -30.98 
vt 21.9443 -30.98 
vt 22.0747 -31.02 
vt 21.9443 -31.02 
vt 21.9337 -30.98 
vt 21.9337 -31.02 
vt 21.7285 -31.02 
vt 21.7285 -30.98 
vt 21.7089 -31.02 
vt 21.7089 -30.98 
vt 22.2913 -30.9267 
vt 22.3163 -31.0204 
vt 22.3163 -30.9267 
vt 22.2913 -31.0204 
vt 22.0774 -30.922 
vt 22.1024 -31.0176 
vt 22.1024 -30.922 
vt 22.0774 -31.0176 
vt 21.8474 -30.922 
vt 21.8724 -31.0151 
vt 21.8724 -30.922 
vt 21.8474 -31.0151 
vt 21.6837 -30.922 
vt 21.7262 -31.0601 
vt 21.7262 -30.922 
vt 21.6837 -31.0601 
vt 21.89 -30.9152 
vt 22.0877 -30.9302 
vt 22.0877 -30.9152 
vt 21.89 -30.9302 
vt 22.2154 -30.9302 
vt 22.0663 -30.9121 
vt 21.9162 -30.9115 
vt 21.9 -30.8827 
vt 22.0663 -30.8877 
vt 21.9225 -30.8881 
vt 22.0877 -30.8827 
vt 21.9253 -30.8772 
vt 22.0663 -30.8841 
vt 21.9075 -30.8617 
vt 22.0577 -30.8617 
vt 22.0557 -30.8772 
vt 22.2154 -30.9152 
vt 22.3065 -30.9302 
vt 22.3065 -30.9152 
vt 22.2405 -30.9129 
vt 22.2464 -30.9082 
vt 22.2605 -30.8613 
vt 22.2523 -30.9124 
vt 22.2715 -30.8788 
vt 22.2911 -30.8788 
vt 22.3065 -30.8613 
vt 22.2847 -30.9124 
vt 22.2911 -30.9082 
vt 22.295 -30.9131 
vt 22.1061 -30.9449 
vt 22.1707 -31.0096 
vt 22.1814 -30.9989 
vt 22.1167 -30.9343 
vt 22.2127 -30.9989 
vt 22.288 -30.9449 
vt 22.2774 -30.9343 
vt 22.2233 -31.0096 
vt 21.7989 -31.0321 
vt 21.7385 -30.9618 
vt 21.7289 -30.9733 
vt 21.8086 -31.0206 
vt 21.9539 -30.9417 
vt 21.8904 -31.0073 
vt 21.9019 -31.0169 
vt 21.9424 -30.9321 
vt 21.9952 -30.9417 
vt 22.0464 -31.0158 
vt 22.0579 -31.0061 
vt 22.0067 -30.9321 
vt 21.8809 -31.018 
vt 21.9192 -31.0954 
vt 21.932 -31.0876 
vt 21.8937 -31.0102 
vt 21.8488 -31.1247 
vt 21.928 -31.102 
vt 21.9226 -31.088 
vt 21.8542 -31.1387 
vt 22.2513 -30.875 
vt 22.3065 -30.875 
vt 22.2605 -30.8613 
vt 22.3065 -30.8613 
vt 21.9028 -30.8749 
vt 22.0767 -30.8749 
vt 22.0577 -30.8617 
vt 21.9075 -30.8617 
vt 62.0258 1.06015 
vt 61.9742 1.06015 
vt 62.0258 1.0008 
vt 61.9742 1.0008 
vt 62.0258 1.11784 
vt 61.9742 1.11784 
vt 62.0258 1.04873 
vt 61.9742 1.09953 
vt 61.9742 1.04873 
vt 62.0258 1.09953 
vt 62.0235 1.03607 
vt 62.0235 1.11813 
vt 61.9765 1.11813 
vt 61.9765 1.03607 
vt 62.02 0.930053 
vt 62.02 1.04361 
vt 61.98 1.04361 
vt 61.98 0.930053 
vt 61.98 0.922237 
vt 62.02 0.922237 
vt 61.98 0.906605 
vt 62.02 0.906605 
vt 62.0248 1.11784 
vt 61.9752 1.11784 
vt 62.0248 1.03623 
vt 61.9752 1.03623 
vt 62.02 0.911997 
vt 61.98 0.911997 
vt 62.02 0.902008 
vt 61.98 0.902008 
vt 61.98 0.918262 
vt 62.02 0.918262 
vt 61.98 1.00976 
vt 62.02 1.00976 
vt 62.0235 1.04433 
vt 62.0235 1.10341 
vt 61.9765 1.10341 
vt 61.9765 1.04433 
vt 62.0248 1.05059 
vt 62.0248 1.10348 
vt 61.9752 1.10348 
vt 61.9752 1.05059 
vt 61.7907 0.974205 
vt 61.7907 1.02579 
vt 61.7374 0.974205 
vt 61.7374 1.02579 
vt 61.8237 0.974205 
vt 61.8237 1.02579 
vt 61.8611 0.976453 
vt 62.0703 0.976453 
vt 62.0703 1.02355 
vt 61.8611 1.02355 
vt 61.7164 0.974205 
vt 61.8436 0.974205 
vt 61.8436 1.02579 
vt 61.7164 1.02579 
vt 62.1068 0.975237 
vt 62.268 0.975237 
vt 62.268 1.02476 
vt 62.1068 1.02476 
vt 61.9478 0.97999 
vt 61.8742 1.02001 
vt 61.8742 0.97999 
vt 61.9478 1.02001 
vt 62.0912 0.975237 
vt 62.2836 1.02476 
vt 62.0912 1.02476 
vt 62.2836 0.975237 
vt 61.9939 0.976453 
vt 62.0504 0.976453 
vt 62.0504 1.02355 
vt 61.9939 1.02355 
vt 61.9374 0.976453 
vt 61.881 0.976453 
vt 61.9374 1.02355 
vt 61.881 1.02355 
vt 61.8532 0.97999 
vt 61.8944 0.97999 
vt 61.8944 1.02001 
vt 61.8532 1.02001 
vt 62.1564 1.04373 
vt 62.2043 1.0008 
vt 62.1763 1.04873 
vt 62.2093 1.02077 
vt 62.1763 1.09953 
vt 62.2626 1.0008 
vt 62.1564 1.11784 
vt 62.2626 1.02077 
vt 62.2626 1.09953 
vt 62.2836 1.0008 
vt 62.2836 1.11784 
vt 62.2836 1.06015 
vt 62.2626 1.06015 
vt 61.9088 1.03623 
vt 61.9088 1.11784 
vt 61.8932 1.10348 
vt 61.7164 1.11784 
vt 61.8932 1.05059 
vt 61.732 1.10348 
vt 61.7164 1.03623 
vt 61.732 1.05059 
vt 62.119 1.10341 
vt 62.119 1.04433 
vt 62.1389 1.03607 
vt 62.0692 1.01573 
vt 62.1389 1.11813 
vt 62.0626 1.02969 
vt 61.9297 1.11813 
vt 61.9995 1.01573 
vt 61.9496 1.10341 
vt 62.0061 1.02969 
vt 61.9297 1.03607 
vt 61.9496 1.04433 
vt 62.1674 0.906605 
vt 62.1056 0.902008 
vt 62.086 0.881869 
vt 62.0812 0.897501 
vt 62.1468 0.91462 
vt 62.1026 0.911997 
vt 62.1626 0.922237 
vt 62.0867 0.907692 
vt 62.1438 0.92461 
vt 62.1007 0.918262 
vt 62.1603 0.930053 
vt 62.0733 1.00976 
vt 62.1419 0.930848 
vt 62.0522 1.02125 
vt 62.1142 1.02227 
vt 62.1258 1.04361 
vt 61.9752 1.10348 
vt 61.9752 1.05059 
vt 62.0248 1.05059 
vt 62.0248 1.10348 
vt 61.9765 1.11813 
vt 61.9765 1.03607 
vt 62.0235 1.03607 
vt 62.0235 1.11813 
vt 61.98 1.02125 
vt 61.98 0.907692 
vt 62.02 0.907692 
vt 62.02 1.02125 
vt 61.98 0.897501 
vt 62.02 0.897501 
vt 61.98 0.881869 
vt 62.02 0.881869 
vt 61.9752 1.11784 
vt 62.0248 1.03623 
vt 62.0248 1.11784 
vt 61.9752 1.03623 
vt 61.98 0.91462 
vt 62.02 0.91462 
vt 61.98 0.92461 
vt 62.02 0.92461 
vt 61.98 0.930848 
vt 62.02 0.930848 
vt 61.98 1.02227 
vt 62.02 1.02227 
vt 61.9765 1.10341 
vt 62.0235 1.04433 
vt 62.0235 1.10341 
vt 61.9765 1.04433 
vt 61.9742 1.04373 
vt 62.0258 1.04373 
vt 61.9742 1.11784 
vt 62.0258 1.11784 
vt 61.9742 1.02077 
vt 62.0258 1.06015 
vt 61.9742 1.06015 
vt 62.0258 1.02077 
vt 61.9742 1.09953 
vt 62.0258 1.09953 
vt 62.086 0.97999 
vt 62.1674 0.97999 
vt 62.1674 1.02001 
vt 62.086 1.02001 
vt 62.0733 0.97999 
vt 62.1142 0.97999 
vt 62.1142 1.02001 
vt 62.0733 1.02001 
vt 61.7164 0.975237 
vt 61.9088 0.975237 
vt 61.9088 1.02476 
vt 61.7164 1.02476 
vt 61.9297 0.976453 
vt 61.9995 0.976453 
vt 61.9995 1.02355 
vt 61.9297 1.02355 
vt 62.0692 1.02355 
vt 62.0692 0.976453 
vt 62.1389 1.02355 
vt 62.1389 0.976453 
vt 62.1564 0.974205 
vt 62.2043 0.974205 
vt 62.1564 1.02579 
vt 62.2043 1.02579 
vt 62.2626 0.974205 
vt 62.2626 1.02579 
vt 62.2836 1.02579 
vt 62.2836 0.974205 
vt 61.9496 0.976453 
vt 62.119 1.02355 
vt 61.9496 1.02355 
vt 62.119 0.976453 
vt 62.2626 0.974205 
vt 62.1763 1.02579 
vt 62.1763 0.974205 
vt 62.2626 1.02579 
vt 61.732 0.975237 
vt 61.8932 0.975237 
vt 61.8932 1.02476 
vt 61.732 1.02476 
vt 61.8436 1.11784 
vt 61.7374 1.09953 
vt 61.8237 1.09953 
vt 61.7164 1.11784 
vt 61.8436 1.04373 
vt 61.7164 1.06015 
vt 61.8237 1.04873 
vt 61.7374 1.06015 
vt 61.7957 1.0008 
vt 61.7374 1.02077 
vt 61.7907 1.02077 
vt 61.7164 1.0008 
vt 61.7374 1.0008 
vt 62.2836 1.11784 
vt 62.0912 1.11784 
vt 62.1068 1.10348 
vt 62.0912 1.03623 
vt 62.268 1.10348 
vt 62.1068 1.05059 
vt 62.2836 1.03623 
vt 62.268 1.05059 
vt 61.881 1.04433 
vt 61.9308 1.01573 
vt 61.9374 1.02969 
vt 61.9939 1.02969 
vt 61.8611 1.03607 
vt 62.0005 1.01573 
vt 61.881 1.10341 
vt 62.0504 1.04433 
vt 61.8611 1.11813 
vt 62.0703 1.03607 
vt 62.0703 1.11813 
vt 62.0504 1.10341 
vt 61.8397 0.930053 
vt 61.8858 1.02227 
vt 61.8742 1.04361 
vt 61.9478 1.02125 
vt 61.8581 0.930848 
vt 61.9267 1.00976 
vt 61.8562 0.92461 
vt 61.9133 0.907692 
vt 61.8374 0.922237 
vt 61.8993 0.918262 
vt 61.8532 0.91462 
vt 61.8974 0.911997 
vt 61.8326 0.906605 
vt 61.9188 0.897501 
vt 61.8944 0.902008 
vt 61.914 0.881869 
vn 0.6299 0.5512 -0.5512
vn 0.6299 -0.5512 -0.5512
vn 0.6299 0.0000 -0.7795
vn 0.6299 -0.7795 -0.0000
vn 0.6299 0.7795 -0.0000
vn 0.6299 -0.5512 0.5512
vn 0.6299 0.5512 0.5512
vn 0.6299 0.0000 0.7795
vn 0.9921 0.1417 -0.0000
vn 0.6457 0.5433 -0.5433
vn 0.6457 0.7638 -0.0000
vn 0.6457 0.5433 0.5433
vn 0.6535 0.7559 -0.0000
vn 0.9921 0.0787 0.0787
vn 0.9921 0.1102 -0.0000
vn 0.6535 -0.7559 -0.0000
vn 0.9921 -0.0787 0.0787
vn 0.6535 -0.5354 0.5354
vn 0.9921 -0.1102 -0.0000
vn 0.6535 -0.5354 -0.5354
vn 0.7638 0.6378 -0.0000
vn 0.9921 0.0787 -0.0787
vn 0.7638 0.4567 -0.4567
vn 0.7638 0.0000 -0.6378
vn 0.9921 -0.0787 -0.0787
vn 0.6535 0.5354 -0.5354
vn 0.7638 0.4567 0.4567
vn 0.7638 0.0000 0.6378
vn 0.7638 -0.4567 -0.4567
vn 0.7638 -0.6378 -0.0000
vn 0.7638 -0.4567 0.4567
vn 0.9921 0.0000 -0.1102
vn 0.6535 0.0000 -0.7559
vn 0.9921 -0.0866 -0.0866
vn 0.9921 0.0000 -0.1181
vn 0.7717 0.0000 0.6378
vn 0.9921 -0.1181 -0.0000
vn 0.6535 -0.7559 -0.0000
vn 0.9921 -0.0866 0.0866
vn 0.6535 -0.5354 -0.5354
vn 0.6535 -0.5354 0.5354
vn 0.9921 0.0000 0.1181
vn 0.7717 0.0000 -0.6378
vn 0.7717 -0.4488 -0.4488
vn 0.6535 0.0000 -0.7559
vn 0.6535 0.5354 -0.5354
vn 0.9921 0.0866 0.0866
vn 0.6535 0.5354 0.5354
vn 0.7717 -0.6378 -0.0000
vn 0.6535 0.7559 -0.0000
vn 0.9921 0.1181 -0.0000
vn 0.9921 0.0866 -0.0866
vn 0.7717 -0.4488 0.4488
vn 0.6535 0.5354 0.5354
vn 0.6535 0.0000 0.7559
vn 0.9921 0.0000 0.1102
vn 0.6535 0.0000 0.7559
vn 0.7717 0.4488 -0.4488
vn 0.7717 0.6378 -0.0000
vn 0.7717 0.4488 0.4488
vn 0.9921 0.1024 -0.1024
vn 0.9921 0.1024 0.1024
vn 0.6457 0.0000 -0.7638
vn 0.7874 -0.6220 -0.0000
vn 0.9921 0.0000 -0.1417
vn 0.6457 -0.5433 -0.5433
vn 0.7874 0.0000 0.6220
vn 0.7874 -0.4409 0.4409
vn 0.9921 -0.1024 -0.1024
vn 0.6457 -0.7638 -0.0000
vn 0.7874 -0.4409 -0.4409
vn 0.7874 0.0000 -0.6220
vn 0.7874 0.4409 0.4409
vn 0.7874 0.6220 -0.0000
vn 0.9921 -0.1417 -0.0000
vn 0.7874 0.4409 -0.4409
vn 0.9921 -0.1024 0.1024
vn 0.6457 -0.5433 0.5433
vn 0.9921 0.0000 0.1417
vn 0.6457 0.0000 0.7638
vn 0.9055 0.0000 0.4252
vn 0.6850 0.5197 0.5197
vn 0.6850 0.0000 0.7323
vn 0.6850 -0.5197 0.5197
vn 0.9055 0.2992 0.2992
vn 0.6850 0.7323 -0.0000
vn 0.9055 0.4252 -0.0000
vn 1.0000 0.0000 -0.0000
vn 0.9055 0.2992 -0.2992
vn 0.6850 0.5197 -0.5197
vn 0.9055 0.0000 -0.4252
vn 0.6850 0.0000 -0.7323
vn 0.6850 -0.5197 -0.5197
vn 0.9055 -0.2992 -0.2992
vn 0.6850 -0.7323 -0.0000
vn 0.9055 -0.4252 -0.0000
vn 0.9055 -0.2992 0.2992
vn 0.6299 0.5512 -0.5512
vn 0.0000 0.7087 -0.7087
vn 0.6299 0.7795 -0.0000
vn 0.0000 1.0000 -0.0000
vn 0.6299 0.5512 0.5512
vn 0.0000 0.7087 0.7087
vn 0.0000 1.0000 -0.0000
vn -0.6457 0.5433 0.5433
vn 0.0000 0.7087 0.7087
vn 0.6457 0.5433 0.5433
vn -0.6457 0.7638 -0.0000
vn -0.6457 0.5433 -0.5433
vn 0.0000 0.7087 -0.7087
vn 0.6457 0.5433 -0.5433
vn 0.6457 0.7638 -0.0000
vn 0.6535 0.5354 -0.5354
vn 0.0000 1.0000 -0.0000
vn 0.6535 0.7559 -0.0000
vn 0.7638 0.6378 -0.0000
vn 0.0000 0.7087 -0.7087
vn 0.7638 0.4567 -0.4567
vn 0.0000 1.0000 -0.0000
vn 0.7638 0.4567 0.4567
vn 0.0000 0.7087 0.7087
vn -0.7638 0.6378 -0.0000
vn -0.7638 0.4567 -0.4567
vn -0.7638 0.4567 0.4567
vn -0.6535 0.5354 0.5354
vn -0.6535 0.7559 -0.0000
vn 0.0000 0.7087 -0.7087
vn -0.6535 0.5354 -0.5354
vn 0.0000 1.0000 -0.0000
vn 0.6535 0.5354 0.5354
vn 0.6535 0.7559 -0.0000
vn 0.6535 0.5354 -0.5354
vn 0.0000 0.7087 -0.7087
vn -0.6535 0.5354 -0.5354
vn -0.6535 0.7559 -0.0000
vn -0.6535 0.5354 0.5354
vn 0.0000 0.7087 0.7087
vn 0.6535 0.5354 0.5354
vn 0.0000 0.7087 0.7087
vn -0.7717 0.6378 -0.0000
vn -0.7717 0.4488 -0.4488
vn 0.0000 0.7087 -0.7087
vn 0.0000 0.7087 0.7087
vn -0.7717 0.4488 0.4488
vn 0.0000 1.0000 -0.0000
vn 0.7717 0.6378 -0.0000
vn 0.7717 0.4488 -0.4488
vn 0.7717 0.4488 0.4488
vn -0.7874 0.6220 -0.0000
vn -0.7874 0.4409 -0.4409
vn 0.0000 0.7087 -0.7087
vn 0.0000 0.7087 0.7087
vn -0.7874 0.4409 0.4409
vn 0.0000 1.0000 -0.0000
vn 0.7874 0.6220 -0.0000
vn 0.7874 0.4409 -0.4409
vn 0.7874 0.4409 0.4409
vn -0.6850 0.7323 -0.0000
vn -0.6850 0.5197 0.5197
vn -0.3701 0.9291 -0.0000
vn -0.6850 0.5197 -0.5197
vn -0.3701 0.6614 -0.6614
vn -0.3701 0.6614 0.6614
vn 0.0000 1.0000 -0.0000
vn 0.0000 0.7087 -0.7087
vn 0.0000 0.7087 0.7087
vn 0.3701 0.6614 0.6614
vn 0.3701 0.6614 -0.6614
vn 0.3701 0.9291 -0.0000
vn 0.6850 0.5197 0.5197
vn 0.6850 0.7323 -0.0000
vn 0.6850 0.5197 -0.5197
vn 0.6299 -0.5512 0.5512
vn 0.0000 0.0000 1.0000
vn 0.0000 -0.7087 0.7087
vn 0.6299 0.0000 0.7795
vn 0.0000 0.7087 0.7087
vn 0.6299 0.5512 0.5512
vn 0.0000 0.0000 1.0000
vn -0.6457 -0.5433 0.5433
vn 0.0000 -0.7087 0.7087
vn 0.6457 -0.5433 0.5433
vn -0.6457 0.0000 0.7638
vn -0.6457 0.5433 0.5433
vn 0.0000 0.7087 0.7087
vn 0.6457 0.5433 0.5433
vn 0.7638 0.0000 0.6378
vn 0.0000 0.7087 0.7087
vn 0.7638 0.4567 0.4567
vn 0.0000 0.0000 1.0000
vn -0.7638 0.0000 0.6378
vn -0.7638 0.4567 0.4567
vn 0.0000 -0.7087 0.7087
vn -0.7638 -0.4567 0.4567
vn 0.7638 -0.4567 0.4567
vn 0.0000 -0.7087 0.7087
vn -0.7717 0.0000 0.6378
vn 0.0000 0.0000 1.0000
vn 0.7717 0.0000 0.6378
vn 0.7717 -0.4488 0.4488
vn -0.7717 -0.4488 0.4488
vn 0.0000 0.0000 1.0000
vn -0.6535 -0.5354 0.5354
vn 0.0000 -0.7087 0.7087
vn 0.6535 -0.5354 0.5354
vn -0.6535 0.0000 0.7559
vn -0.6535 0.5354 0.5354
vn 0.0000 0.7087 0.7087
vn 0.6535 0.5354 0.5354
vn 0.6535 0.0000 0.7559
vn 0.0000 0.0000 1.0000
vn -0.6535 -0.5354 0.5354
vn 0.0000 -0.7087 0.7087
vn 0.6535 -0.5354 0.5354
vn -0.6535 0.0000 0.7559
vn -0.6535 0.5354 0.5354
vn 0.6535 0.0000 0.7559
vn 0.6535 0.5354 0.5354
vn 0.0000 0.7087 0.7087
vn 0.0000 0.7087 0.7087
vn -0.7717 0.4488 0.4488
vn 0.7717 0.4488 0.4488
vn -0.7874 0.0000 0.6220
vn 0.0000 -0.7087 0.7087
vn -0.7874 -0.4409 0.4409
vn 0.7874 0.0000 0.6220
vn 0.7874 -0.4409 0.4409
vn 0.0000 0.0000 1.0000
vn 0.0000 0.7087 0.7087
vn -0.7874 0.4409 0.4409
vn 0.7874 0.4409 0.4409
vn 0.6457 0.0000 0.7638
vn 0.0000 -0.7087 0.7087
vn 0.0000 0.0000 1.0000
vn -0.3701 -0.6614 0.6614
vn 0.3701 -0.6614 0.6614
vn -0.3701 0.0000 0.9291
vn -0.6850 -0.5197 0.5197
vn -0.6850 0.0000 0.7323
vn -0.6850 0.5197 0.5197
vn -0.3701 0.6614 0.6614
vn 0.0000 0.7087 0.7087
vn 0.3701 0.6614 0.6614
vn 0.3701 0.0000 0.9291
vn 0.6850 0.5197 0.5197
vn 0.6850 -0.5197 0.5197
vn 0.6850 0.0000 0.7323
vn -0.9921 0.0000 0.1417
vn -0.6457 -0.5433 0.5433
vn -0.6457 0.0000 0.7638
vn -0.9921 -0.1024 0.1024
vn -0.6457 -0.7638 -0.0000
vn -0.9921 0.1024 0.1024
vn -0.7874 0.0000 -0.6220
vn -0.6457 0.5433 0.5433
vn -0.9921 -0.1417 -0.0000
vn -0.9921 0.1417 -0.0000
vn -0.6457 0.7638 -0.0000
vn -0.6457 0.5433 -0.5433
vn -0.7874 -0.6220 -0.0000
vn -0.7874 -0.4409 -0.4409
vn -0.9921 0.1024 -0.1024
vn -0.9921 -0.0787 0.0787
vn -0.7638 0.0000 -0.6378
vn -0.7638 0.4567 -0.4567
vn -0.7638 0.6378 -0.0000
vn -0.9921 -0.1102 -0.0000
vn -0.7638 0.4567 0.4567
vn -0.9921 -0.0787 -0.0787
vn -0.9921 0.0787 0.0787
vn -0.7638 -0.4567 -0.4567
vn -0.7638 0.0000 0.6378
vn -0.7638 -0.6378 -0.0000
vn -0.9921 0.1102 -0.0000
vn -0.9921 0.0787 -0.0787
vn -0.6535 0.7559 -0.0000
vn -0.6535 0.5354 0.5354
vn -0.7638 -0.4567 0.4567
vn -0.6535 0.5354 -0.5354
vn -0.6535 0.0000 -0.7559
vn -0.6535 -0.5354 -0.5354
vn -0.9921 0.0000 -0.1102
vn -0.6535 -0.5354 -0.5354
vn -0.9921 0.0000 -0.1181
vn -0.6535 0.0000 -0.7559
vn -0.6535 0.5354 -0.5354
vn -0.9921 -0.0866 -0.0866
vn -0.7717 0.0000 0.6378
vn -0.6535 0.7559 -0.0000
vn -0.9921 0.0866 0.0866
vn -0.6535 0.5354 0.5354
vn -0.7717 -0.4488 0.4488
vn -0.9921 0.0866 -0.0866
vn -0.9921 0.1181 -0.0000
vn -0.7717 -0.6378 -0.0000
vn -0.7717 -0.4488 -0.4488
vn -0.9921 0.0000 0.1181
vn -0.7717 0.0000 -0.6378
vn -0.6535 -0.7559 -0.0000
vn -0.6535 -0.5354 0.5354
vn -0.9921 0.0000 0.1102
vn -0.6535 0.0000 0.7559
vn -0.6535 -0.5354 0.5354
vn -0.6535 0.0000 0.7559
vn -0.9921 -0.0866 0.0866
vn -0.6535 -0.7559 -0.0000
vn -0.9921 -0.1181 -0.0000
vn -0.7717 0.6378 -0.0000
vn -0.7717 0.4488 -0.4488
vn -0.7717 0.4488 0.4488
vn -0.6457 0.0000 -0.7638
vn -0.6457 -0.5433 -0.5433
vn -0.9921 0.0000 -0.1417
vn -0.9921 -0.1024 -0.1024
vn -0.7874 0.0000 0.6220
vn -0.7874 -0.4409 0.4409
vn -0.7874 0.4409 0.4409
vn -0.7874 0.4409 -0.4409
vn -0.7874 0.6220 -0.0000
vn -0.9055 -0.2992 0.2992
vn -0.6850 -0.7323 -0.0000
vn -0.6850 -0.5197 0.5197
vn -0.9055 -0.4252 -0.0000
vn -0.9055 0.0000 0.4252
vn -0.6850 0.0000 0.7323
vn -1.0000 0.0000 -0.0000
vn -0.9055 -0.2992 -0.2992
vn -0.6850 -0.5197 -0.5197
vn -0.6850 0.5197 0.5197
vn -0.9055 0.0000 -0.4252
vn -0.6850 0.0000 -0.7323
vn -0.9055 0.2992 0.2992
vn -0.9055 0.4252 -0.0000
vn -0.9055 0.2992 -0.2992
vn -0.6850 0.5197 -0.5197
vn -0.6850 0.7323 -0.0000
vn 0.6299 -0.7795 -0.0000
vn 0.0000 -0.7087 0.7087
vn 0.0000 -1.0000 -0.0000
vn 0.6299 -0.5512 -0.5512
vn 0.0000 -0.7087 -0.7087
vn 0.6299 -0.5512 0.5512
vn -0.6457 -0.5433 0.5433
vn -0.6457 -0.7638 -0.0000
vn 0.0000 -1.0000 -0.0000
vn 0.0000 -0.7087 0.7087
vn 0.6457 -0.5433 0.5433
vn 0.6535 -0.5354 0.5354
vn 0.0000 -1.0000 -0.0000
vn 0.6535 -0.7559 -0.0000
vn 0.6535 -0.5354 -0.5354
vn 0.0000 -0.7087 -0.7087
vn 0.7638 -0.6378 -0.0000
vn 0.7638 -0.4567 -0.4567
vn -0.7638 -0.6378 -0.0000
vn -0.7638 -0.4567 -0.4567
vn 0.0000 -1.0000 -0.0000
vn 0.0000 -0.7087 0.7087
vn -0.7638 -0.4567 0.4567
vn 0.7638 -0.4567 0.4567
vn 0.6535 -0.5354 0.5354
vn 0.0000 -1.0000 -0.0000
vn 0.6535 -0.7559 -0.0000
vn 0.6535 -0.5354 -0.5354
vn 0.0000 -0.7087 -0.7087
vn -0.6535 -0.5354 -0.5354
vn 0.0000 -0.7087 -0.7087
vn 0.7717 -0.6378 -0.0000
vn 0.7717 -0.4488 -0.4488
vn 0.0000 -0.7087 0.7087
vn 0.7717 -0.4488 0.4488
vn 0.0000 -1.0000 -0.0000
vn -0.7717 -0.6378 -0.0000
vn -0.7717 -0.4488 0.4488
vn -0.7717 -0.4488 -0.4488
vn -0.6535 -0.5354 0.5354
vn -0.6535 -0.7559 -0.0000
vn -0.6535 -0.5354 -0.5354
vn 0.0000 -0.7087 -0.7087
vn 0.0000 -0.7087 0.7087
vn -0.6535 -0.5354 0.5354
vn -0.6535 -0.7559 -0.0000
vn 0.0000 -0.7087 0.7087
vn 0.0000 -0.7087 -0.7087
vn 0.6457 -0.5433 -0.5433
vn -0.6457 -0.5433 -0.5433
vn 0.6457 -0.7638 -0.0000
vn 0.0000 -0.7087 0.7087
vn -0.7874 -0.6220 -0.0000
vn -0.7874 -0.4409 0.4409
vn 0.0000 -1.0000 -0.0000
vn 0.0000 -0.7087 -0.7087
vn -0.7874 -0.4409 -0.4409
vn 0.7874 -0.6220 -0.0000
vn 0.7874 -0.4409 0.4409
vn 0.7874 -0.4409 -0.4409
vn -0.3701 -0.6614 0.6614
vn 0.0000 -1.0000 -0.0000
vn 0.0000 -0.7087 0.7087
vn 0.3701 -0.6614 0.6614
vn 0.3701 -0.9291 -0.0000
vn -0.3701 -0.9291 -0.0000
vn -0.6850 -0.5197 0.5197
vn -0.3701 -0.6614 -0.6614
vn 0.0000 -0.7087 -0.7087
vn 0.3701 -0.6614 -0.6614
vn -0.6850 -0.5197 -0.5197
vn -0.6850 -0.7323 -0.0000
vn 0.6850 -0.5197 0.5197
vn 0.6850 -0.5197 -0.5197
vn 0.6850 -0.7323 -0.0000
vn 0.0000 -0.7087 -0.7087
vn 0.6299 0.0000 -0.7795
vn 0.6299 -0.5512 -0.5512
vn 0.0000 0.0000 -1.0000
vn 0.6299 0.5512 -0.5512
vn 0.0000 0.7087 -0.7087
vn 0.0000 0.0000 -1.0000
vn -0.6457 0.5433 -0.5433
vn 0.0000 0.7087 -0.7087
vn 0.6457 0.5433 -0.5433
vn 0.0000 0.7087 -0.7087
vn 0.7638 0.0000 -0.6378
vn 0.7638 0.4567 -0.4567
vn 0.0000 0.0000 -1.0000
vn 0.0000 -0.7087 -0.7087
vn 0.7638 -0.4567 -0.4567
vn -0.7638 0.0000 -0.6378
vn -0.7638 0.4567 -0.4567
vn -0.7638 -0.4567 -0.4567
vn 0.6535 -0.5354 -0.5354
vn 0.0000 0.0000 -1.0000
vn 0.6535 0.0000 -0.7559
vn 0.6535 0.5354 -0.5354
vn 0.0000 0.7087 -0.7087
vn -0.6535 0.5354 -0.5354
vn -0.6535 0.0000 -0.7559
vn -0.6535 -0.5354 -0.5354
vn 0.0000 0.0000 -1.0000
vn 0.6535 -0.5354 -0.5354
vn 0.0000 -0.7087 -0.7087
vn -0.6535 -0.5354 -0.5354
vn 0.6535 0.0000 -0.7559
vn 0.7717 0.0000 -0.6378
vn 0.0000 -0.7087 -0.7087
vn 0.7717 -0.4488 -0.4488
vn 0.6535 0.5354 -0.5354
vn 0.0000 0.7087 -0.7087
vn -0.6535 0.5354 -0.5354
vn -0.6535 0.0000 -0.7559
vn -0.7717 0.0000 -0.6378
vn -0.7717 -0.4488 -0.4488
vn 0.0000 -0.7087 -0.7087
vn 0.0000 0.7087 -0.7087
vn -0.7717 0.4488 -0.4488
vn 0.0000 0.0000 -1.0000
vn 0.7717 0.4488 -0.4488
vn 0.6457 0.0000 -0.7638
vn 0.6457 -0.5433 -0.5433
vn 0.0000 -0.7087 -0.7087
vn -0.6457 -0.5433 -0.5433
vn -0.6457 0.0000 -0.7638
vn 0.0000 -0.7087 -0.7087
vn -0.7874 0.0000 -0.6220
vn -0.7874 -0.4409 -0.4409
vn 0.0000 0.0000 -1.0000
vn 0.7874 0.0000 -0.6220
vn 0.7874 -0.4409 -0.4409
vn 0.0000 0.7087 -0.7087
vn -0.7874 0.4409 -0.4409
vn 0.7874 0.4409 -0.4409
vn -0.3701 -0.6614 -0.6614
vn 0.0000 0.0000 -1.0000
vn 0.0000 -0.7087 -0.7087
vn 0.3701 -0.6614 -0.6614
vn -0.3701 0.0000 -0.9291
vn -0.6850 -0.5197 -0.5197
vn -0.6850 0.0000 -0.7323
vn -0.6850 0.5197 -0.5197
vn -0.3701 0.6614 -0.6614
vn 0.0000 0.7087 -0.7087
vn 0.3701 0.6614 -0.6614
vn 0.6850 0.5197 -0.5197
vn 0.3701 0.0000 -0.9291
vn 0.6850 0.0000 -0.7323
vn 0.6850 -0.5197 -0.5197
vn 1.0000 0.0000 -0.0000
vn 1.0000 0.0000 -0.0000
vn 1.0000 0.0000 -0.0000
vn 1.0000 0.0000 -0.0000
vn 1.0000 0.0000 -0.0000
vn 1.0000 0.0000 -0.0000
vn 1.0000 0.0000 -0.0000
vn 1.0000 0.0000 -0.0000
vn 0.8976 -0.4409 -0.0000
vn 0.8976 -0.4409 -0.0000
vn 0.8976 -0.4409 -0.0000
vn 0.8976 -0.4409 -0.0000
vn 0.9528 0.3150 -0.0000
vn 0.9921 0.1417 -0.0000
vn 0.9921 0.1417 -0.0000
vn 1.0000 0.0000 -0.0000
vn 1.0000 0.0000 -0.0000
vn 0.9528 0.3150 -0.0000
vn 0.9449 0.3386 -0.0000
vn 0.9449 0.3386 -0.0000
vn 0.9449 0.3386 -0.0000
vn 0.9449 0.3386 -0.0000
vn 0.9449 0.3386 -0.0000
vn 0.9449 0.3386 -0.0000
vn 0.8189 0.5669 -0.0000
vn 0.8189 0.5669 -0.0000
vn 0.8189 0.5669 -0.0000
vn 0.8189 0.5669 -0.0000
vn 0.8189 -0.5669 -0.0000
vn 0.8189 -0.5669 -0.0000
vn 0.8189 -0.5669 -0.0000
vn 0.8189 -0.5669 -0.0000
vn 1.0000 0.0000 -0.0000
vn 1.0000 0.0000 -0.0000
vn 1.0000 0.0000 -0.0000
vn 1.0000 0.0000 -0.0000
vn 0.7087 -0.7087 -0.0000
vn 0.7087 -0.7087 -0.0000
vn 0.7087 -0.7087 -0.0000
vn 0.7087 -0.7087 -0.0000
vn 0.9370 -0.3386 -0.0000
vn 0.9370 -0.3386 -0.0000
vn 1.0000 0.0000 -0.0000
vn 1.0000 0.0000 -0.0000
vn 1.0000 0.0000 -0.0000
vn 1.0000 0.0000 -0.0000
vn 0.9370 0.3386 -0.0000
vn 0.8976 -0.4488 -0.0000
vn 0.8976 -0.4488 -0.0000
vn 0.9370 0.3386 -0.0000
vn 0.7559 0.6535 -0.0000
vn 0.7559 0.6535 -0.0000
vn 0.7559 0.6535 -0.0000
vn 0.7559 0.6535 -0.0000
vn 0.7559 0.6535 -0.0000
vn 0.7559 0.6535 -0.0000
vn 0.7559 0.6535 -0.0000
vn 0.7559 0.6535 -0.0000
vn 0.7087 0.7087 -0.0000
vn 0.7087 0.7087 -0.0000
vn 0.7087 0.7087 -0.0000
vn 0.7087 0.7087 -0.0000
vn 1.0000 0.0000 -0.0000
vn 1.0000 0.0000 -0.0000
vn 1.0000 0.0000 -0.0000
vn 1.0000 0.0000 -0.0000
vn 0.0000 1.0000 -0.0000
vn 0.0000 1.0000 -0.0000
vn 0.0000 1.0000 -0.0000
vn 0.0000 1.0000 -0.0000
vn 0.0000 1.0000 -0.0000
vn 0.0000 1.0000 -0.0000
vn 0.0000 1.0000 -0.0000
vn 0.0000 1.0000 -0.0000
vn 0.0000 1.0000 -0.0000
vn 0.0000 1.0000 -0.0000
vn 0.0000 1.0000 -0.0000
vn 0.0000 1.0000 -0.0000
vn 0.0000 1.0000 -0.0000
vn 0.0000 1.0000 -0.0000
vn 0.0000 1.0000 -0.0000
vn 0.0000 1.0000 -0.0000
vn 0.0000 1.0000 -0.0000
vn 0.0000 1.0000 -0.0000
vn 0.0000 1.0000 -0.0000
vn 0.0000 1.0000 -0.0000
vn 0.0000 1.0000 -0.0000
vn 0.0000 1.0000 -0.0000
vn 0.0000 1.0000 -0.0000
vn 0.0000 1.0000 -0.0000
vn -0.5748 0.8189 -0.0000
vn -0.5748 0.8189 -0.0000
vn -0.5748 0.8189 -0.0000
vn -0.5748 0.8189 -0.0000
vn -0.5748 0.8189 -0.0000
vn -0.5748 0.8189 -0.0000
vn -0.5748 0.8189 -0.0000
vn -0.5748 0.8189 -0.0000
vn -0.8976 0.4488 -0.0000
vn 0.0000 1.0000 -0.0000
vn 0.0000 1.0000 -0.0000
vn -0.8976 0.4488 -0.0000
vn -0.7087 0.7087 -0.0000
vn -0.7087 0.7087 -0.0000
vn -0.7087 0.7087 -0.0000
vn -0.7087 0.7087 -0.0000
vn -0.0079 1.0000 -0.0000
vn -0.0079 1.0000 -0.0000
vn -0.0079 1.0000 -0.0000
vn -0.0079 1.0000 -0.0000
vn 0.0000 1.0000 -0.0000
vn 0.0000 1.0000 -0.0000
vn 0.0000 1.0000 -0.0000
vn 0.0000 1.0000 -0.0000
vn 0.0000 1.0000 -0.0000
vn 0.0000 1.0000 -0.0000
vn 0.0000 1.0000 -0.0000
vn 0.0000 1.0000 -0.0000
vn 0.0000 1.0000 -0.0000
vn 0.0000 1.0000 -0.0000
vn 0.0000 1.0000 -0.0000
vn 0.0000 1.0000 -0.0000
vn 0.0000 1.0000 -0.0000
vn 0.0000 1.0000 -0.0000
vn 0.0000 1.0000 -0.0000
vn 0.0000 1.0000 -0.0000
vn -1.0000 0.0472 -0.0000
vn -1.0000 0.0472 -0.0000
vn -0.3307 0.9449 -0.0000
vn -0.3307 0.9449 -0.0000
vn 0.3071 0.9528 -0.0000
vn 0.9370 0.3386 -0.0000
vn 0.9370 0.3386 -0.0000
vn 0.3071 0.9528 -0.0000
vn 0.4488 0.8976 -0.0000
vn 0.4488 0.8976 -0.0000
vn 0.4488 0.8976 -0.0000
vn 0.4488 0.8976 -0.0000
vn -0.6457 0.7638 -0.0000
vn -0.6457 0.7638 -0.0000
vn -0.6457 0.7638 -0.0000
vn -0.6457 0.7638 -0.0000
vn 0.0000 0.0000 1.0000
vn 0.0000 0.0000 1.0000
vn 0.0000 0.0000 1.0000
vn 0.0000 0.0000 1.0000
vn 0.0000 0.0000 1.0000
vn 0.0000 0.0000 1.0000
vn 0.0000 0.0000 1.0000
vn 0.0000 0.0000 1.0000
vn 0.0000 0.0000 1.0000
vn 0.0000 0.0000 1.0000
vn 0.0000 0.0000 1.0000
vn 0.0000 0.0000 1.0000
vn 0.0000 0.0000 1.0000
vn 0.0000 0.0000 1.0000
vn 0.0000 0.0000 1.0000
vn 0.0000 0.0000 1.0000
vn 0.0000 0.0000 1.0000
vn 0.0000 0.0000 1.0000
vn 0.0000 0.0000 1.0000
vn 0.0000 0.0000 1.0000
vn 0.0000 0.0000 1.0000
vn 0.0000 0.0000 1.0000
vn 0.0000 0.0000 1.0000
vn 0.0000 0.0000 1.0000
vn 0.0000 0.0000 1.0000
vn 0.0000 0.0000 1.0000
vn 0.0000 0.0000 1.0000
vn 0.0000 0.0000 1.0000
vn 0.0000 0.0000 1.0000
vn 0.0000 0.0000 1.0000
vn 0.0000 0.0000 1.0000
vn 0.0000 0.0000 1.0000
vn 0.0000 0.0000 1.0000
vn 0.0000 0.0000 1.0000
vn 0.0000 0.0000 1.0000
vn 0.0000 0.0000 1.0000
vn 0.0000 0.0000 1.0000
vn 0.0000 0.0000 1.0000
vn 0.0000 0.0000 1.0000
vn 0.0000 0.0000 1.0000
vn 0.0000 0.0000 1.0000
vn 0.0000 0.0000 1.0000
vn 0.0000 0.0000 1.0000
vn 0.0000 0.0000 1.0000
vn 0.0000 0.0000 1.0000
vn 0.0000 0.0000 1.0000
vn 0.0000 0.0000 1.0000
vn 0.0000 0.0000 1.0000
vn 0.0000 0.0000 1.0000
vn 0.0000 0.0000 1.0000
vn 0.0000 0.0000 1.0000
vn 0.0000 0.0000 1.0000
vn 0.0000 0.0000 1.0000
vn 0.0000 0.0000 1.0000
vn 0.0000 0.0000 1.0000
vn 0.0000 0.0000 1.0000
vn 0.0000 0.0000 1.0000
vn 0.0000 0.0000 1.0000
vn 0.0000 0.0000 1.0000
vn 0.0000 0.0000 1.0000
vn 0.0000 0.0000 1.0000
vn 0.0000 0.0000 1.0000
vn 0.0000 0.0000 1.0000
vn 0.0000 0.0000 1.0000
vn 0.0000 0.0000 1.0000
vn 0.0000 0.0000 1.0000
vn 0.0000 0.0000 1.0000
vn 0.0000 0.0000 1.0000
vn 0.0000 0.0000 1.0000
vn 0.0000 0.0000 1.0000
vn 0.0000 0.0000 1.0000
vn 0.0000 0.0000 1.0000
vn 0.0000 0.0000 1.0000
vn 0.0000 0.0000 1.0000
vn 0.0000 0.0000 1.0000
vn 0.0000 0.0000 1.0000
vn 0.0000 0.0000 1.0000
vn 0.0000 0.0000 1.0000
vn 0.0000 0.0000 1.0000
vn 0.0000 0.0000 1.0000
vn 0.0000 0.0000 1.0000
vn -1.0000 0.0000 -0.0000
vn -1.0000 0.0000 -0.0000
vn -1.0000 0.0000 -0.0000
vn -1.0000 0.0000 -0.0000
vn -1.0000 0.0000 -0.0000
vn -1.0000 0.0000 -0.0000
vn -1.0000 0.0000 -0.0000
vn -1.0000 0.0000 -0.0000
vn -1.0000 0.0000 -0.0000
vn -1.0000 0.0000 -0.0000
vn -1.0000 0.0000 -0.0000
vn -1.0000 0.0000 -0.0000
vn -1.0000 0.0000 -0.0000
vn -1.0000 0.0000 -0.0000
vn -0.7087 -0.7087 -0.0000
vn -0.7087 -0.7087 -0.0000
vn -0.7087 -0.7087 -0.0000
vn -0.7087 -0.7087 -0.0000
vn -0.8976 0.4488 -0.0000
vn -0.8976 0.4488 -0.0000
vn -1.0000 0.0000 -0.0000
vn -1.0000 0.0000 -0.0000
vn -1.0000 0.0000 -0.0000
vn -1.0000 0.0000 -0.0000
vn -1.0000 0.0000 -0.0000
vn -1.0000 0.0000 -0.0000
vn -0.8189 0.5669 -0.0000
vn -0.8189 0.5669 -0.0000
vn -0.8189 0.5669 -0.0000
vn -0.8189 0.5669 -0.0000
vn -1.0000 0.0472 -0.0000
vn -0.4803 -0.8819 -0.0000
vn -0.4803 -0.8819 -0.0000
vn -1.0000 0.0472 -0.0000
vn -0.8189 -0.5669 -0.0000
vn -0.8189 -0.5669 -0.0000
vn -0.8189 -0.5669 -0.0000
vn -0.8189 -0.5669 -0.0000
vn -0.9685 -0.2598 -0.0000
vn -0.9685 -0.2598 -0.0000
vn -0.9685 -0.2598 -0.0000
vn -0.9685 -0.2598 -0.0000
vn -0.9685 -0.2598 -0.0000
vn -0.9685 -0.2598 -0.0000
vn -0.8976 0.4409 -0.0000
vn -0.8976 0.4409 -0.0000
vn -0.8976 0.4409 -0.0000
vn -0.8976 0.4409 -0.0000
vn -1.0000 0.0000 -0.0000
vn -1.0000 0.0000 -0.0000
vn -1.0000 0.0000 -0.0000
vn -1.0000 0.0000 -0.0000
vn -1.0000 0.0000 -0.0000
vn -1.0000 0.0000 -0.0000
vn -1.0000 0.0000 -0.0000
vn -1.0000 0.0000 -0.0000
vn 0.6457 -0.7638 -0.0000
vn 0.6457 -0.7638 -0.0000
vn 0.6457 -0.7638 -0.0000
vn 0.6457 -0.7638 -0.0000
vn 0.0000 -1.0000 -0.0000
vn 0.0000 -1.0000 -0.0000
vn 0.0000 -1.0000 -0.0000
vn 0.0000 -1.0000 -0.0000
vn -0.4488 -0.8976 -0.0000
vn -0.4488 -0.8976 -0.0000
vn -0.4488 -0.8976 -0.0000
vn -0.4488 -0.8976 -0.0000
vn 0.0000 -1.0000 -0.0000
vn 0.0000 -1.0000 -0.0000
vn 0.0000 -1.0000 -0.0000
vn 0.0000 -1.0000 -0.0000
vn 0.0000 -1.0000 -0.0000
vn 0.0000 -1.0000 -0.0000
vn 0.0000 -1.0000 -0.0000
vn 0.0000 -1.0000 -0.0000
vn 0.0000 -1.0000 -0.0000
vn 0.0000 -1.0000 -0.0000
vn 0.0000 -1.0000 -0.0000
vn 0.0000 -1.0000 -0.0000
vn 0.0000 -1.0000 -0.0000
vn 0.3071 -0.9528 -0.0000
vn 0.0000 -1.0000 -0.0000
vn 0.3071 -0.9528 -0.0000
vn 0.9370 -0.3386 -0.0000
vn 0.9370 -0.3386 -0.0000
vn -0.4803 -0.8819 -0.0000
vn -0.4803 -0.8819 -0.0000
vn 0.8976 -0.4488 -0.0000
vn 0.8976 -0.4488 -0.0000
vn 0.0000 0.0000 -1.0000
vn 0.0000 0.0000 -1.0000
vn 0.0000 0.0000 -1.0000
vn 0.0000 0.0000 -1.0000
vn 0.0000 0.0000 -1.0000
vn 0.0000 0.0000 -1.0000
vn 0.0000 0.0000 -1.0000
vn 0.0000 0.0000 -1.0000
vn 0.0000 0.0000 -1.0000
vn 0.0000 0.0000 -1.0000
vn 0.0000 0.0000 -1.0000
vn 0.0000 0.0000 -1.0000
vn 0.0000 0.0000 -1.0000
vn 0.0000 0.0000 -1.0000
vn 0.0000 0.0000 -1.0000
vn 0.0000 0.0000 -1.0000
vn 0.0000 0.0000 -1.0000
vn 0.0000 0.0000 -1.0000
vn 0.0000 0.0000 -1.0000
vn 0.0000 0.0000 -1.0000
vn 0.0000 0.0000 -1.0000
vn 0.0000 0.0000 -1.0000
vn 0.0000 0.0000 -1.0000
vn 0.0000 0.0000 -1.0000
vn 0.0000 0.0000 -1.0000
vn 0.0000 0.0000 -1.0000
vn 0.0000 0.0000 -1.0000
vn 0.0000 0.0000 -1.0000
vn 0.0000 0.0000 -1.0000
vn 0.0000 0.0000 -1.0000
vn 0.0000 0.0000 -1.0000
vn 0.0000 0.0000 -1.0000
vn 0.0000 0.0000 -1.0000
vn 0.0000 0.0000 -1.0000
vn 0.0000 0.0000 -1.0000
vn 0.0000 0.0000 -1.0000
vn 0.0000 0.0000 -1.0000
vn 0.0000 0.0000 -1.0000
vn 0.0000 0.0000 -1.0000
vn 0.0000 0.0000 -1.0000
vn 0.0000 0.0000 -1.0000
vn 0.0000 0.0000 -1.0000
vn 0.0000 0.0000 -1.0000
vn 0.0000 0.0000 -1.0000
vn 0.0000 0.0000 -1.0000
vn 0.0000 0.0000 -1.0000
vn 0.0000 0.0000 -1.0000
vn 0.0000 0.0000 -1.0000
vn 0.0000 0.0000 -1.0000
vn 0.0000 0.0000 -1.0000
vn 0.0000 0.0000 -1.0000
vn 0.0000 0.0000 -1.0000
vn 0.0000 0.0000 -1.0000
vn 0.0000 0.0000 -1.0000
vn 0.0000 0.0000 -1.0000
vn 0.0000 0.0000 -1.0000
vn 0.0000 0.0000 -1.0000
vn 0.0000 0.0000 -1.0000
vn 0.0000 0.0000 -1.0000
vn 0.0000 0.0000 -1.0000
vn 0.0000 0.0000 -1.0000
vn 0.0000 0.0000 -1.0000
vn 0.0000 0.0000 -1.0000
vn 0.0000 0.0000 -1.0000
vn 0.0000 0.0000 -1.0000
vn 0.0000 0.0000 -1.0000
vn 0.0000 0.0000 -1.0000
vn 0.0000 0.0000 -1.0000
vn 0.0000 0.0000 -1.0000
vn 0.0000 0.0000 -1.0000
vn 0.0000 0.0000 -1.0000
vn 0.0000 0.0000 -1.0000
vn 0.0000 0.0000 -1.0000
vn 0.0000 0.0000 -1.0000
vn 0.0000 0.0000 -1.0000
vn 0.0000 0.0000 -1.0000
vn 0.0000 0.0000 -1.0000
vn 0.0000 0.0000 -1.0000
vn 0.0000 0.0000 -1.0000
vn 0.0000 0.0000 -1.0000
vn 0.0000 0.0000 -1.0000
vn 1.0000 0.0000 -0.0000
vn 1.0000 0.0000 -0.0000
vn 1.0000 0.0000 -0.0000
vn 1.0000 0.0000 -0.0000
vn 1.0000 0.0000 -0.0000
vn 1.0000 0.0000 -0.0000
vn 0.9055 0.4173 -0.0000
vn 1.0000 0.0000 -0.0000
vn 0.9055 0.4173 -0.0000
vn 1.0000 0.0000 -0.0000
vn 1.0000 0.0000 -0.0000
vn 1.0000 0.0000 -0.0000
vn 1.0000 0.0000 -0.0000
vn 1.0000 0.0000 -0.0000
vn 0.9606 0.2913 -0.0000
vn 0.9606 0.2913 -0.0000
vn 0.9606 0.2913 -0.0000
vn 0.9606 0.2913 -0.0000
vn 0.9606 0.2913 -0.0000
vn 0.9606 0.2913 -0.0000
vn 0.9606 0.2913 -0.0000
vn 0.9606 0.2913 -0.0000
vn 0.7087 0.7087 -0.0000
vn 0.7087 0.7087 -0.0000
vn 0.7087 -0.7087 -0.0000
vn 0.7087 -0.7087 -0.0000
vn 0.9606 0.2913 -0.0000
vn 0.9606 0.2913 -0.0000
vn 0.9606 0.2913 -0.0000
vn 0.9606 0.2913 -0.0000
vn 0.9606 0.2913 -0.0000
vn 0.9606 0.2913 -0.0000
vn 0.9606 0.2913 -0.0000
vn 0.9606 0.2913 -0.0000
vn 0.7874 0.6142 -0.0000
vn 0.7087 -0.7087 -0.0000
vn 0.7087 -0.7087 -0.0000
vn 0.7874 0.6142 -0.0000
vn 1.0000 0.0000 -0.0000
vn 1.0000 0.0000 -0.0000
vn 1.0000 0.0000 -0.0000
vn 1.0000 0.0000 -0.0000
vn 0.3465 0.9370 -0.0000
vn 0.3465 0.9370 -0.0000
vn 0.0000 1.0000 -0.0000
vn 0.0000 1.0000 -0.0000
vn 0.9055 0.4173 -0.0000
vn 0.9055 0.4173 -0.0000
vn 0.0000 1.0000 -0.0000
vn 0.0000 1.0000 -0.0000
vn 0.0000 1.0000 -0.0000
vn 0.0000 1.0000 -0.0000
vn 0.0000 1.0000 -0.0000
vn 0.0000 1.0000 -0.0000
vn 0.0000 1.0000 -0.0000
vn 0.0000 1.0000 -0.0000
vn 0.0000 1.0000 -0.0000
vn 0.0000 1.0000 -0.0000
vn 0.0000 1.0000 -0.0000
vn 0.0000 1.0000 -0.0000
vn -0.2913 0.9606 -0.0000
vn -0.2913 0.9606 -0.0000
vn -0.2913 0.9606 -0.0000
vn -0.2913 0.9606 -0.0000
vn 0.7087 0.7087 -0.0000
vn -0.7087 0.7087 -0.0000
vn 0.7087 0.7087 -0.0000
vn -0.7087 0.7087 -0.0000
vn 0.1260 0.9921 -0.0000
vn 0.7874 0.6142 -0.0000
vn 0.7874 0.6142 -0.0000
vn 0.1260 0.9921 -0.0000
vn -0.1260 0.9921 -0.0000
vn -0.7874 0.6142 -0.0000
vn -0.1260 0.9921 -0.0000
vn -0.7874 0.6142 -0.0000
vn -0.2913 0.9528 -0.0000
vn -0.2913 0.9528 -0.0000
vn -0.2913 0.9528 -0.0000
vn -0.2913 0.9528 -0.0000
vn 0.0000 0.0000 1.0000
vn 0.0000 0.0000 1.0000
vn 0.0000 0.0000 1.0000
vn 0.0000 0.0000 1.0000
vn 0.0000 0.0000 1.0000
vn 0.0000 0.0000 1.0000
vn 0.0000 0.0000 1.0000
vn 0.0000 0.0000 1.0000
vn 0.0000 0.0000 1.0000
vn 0.0000 0.0000 1.0000
vn 0.0000 0.0000 1.0000
vn 0.0000 0.0000 1.0000
vn 0.0000 0.0000 1.0000
vn 0.0000 0.0000 1.0000
vn 0.0000 0.0000 1.0000
vn 0.0000 0.0000 1.0000
vn 0.0000 0.0000 1.0000
vn 0.0000 0.0000 1.0000
vn 0.0000 0.0000 1.0000
vn 0.0000 0.0000 1.0000
vn 0.0000 0.0000 1.0000
vn 0.0000 0.0000 1.0000
vn 0.0000 0.0000 1.0000
vn 0.0000 0.0000 1.0000
vn 0.0000 0.0000 1.0000
vn 0.0000 0.0000 1.0000
vn 0.0000 0.0000 1.0000
vn 0.0000 0.0000 1.0000
vn 0.0000 0.0000 1.0000
vn 0.0000 0.0000 1.0000
vn 0.0000 0.0000 1.0000
vn 0.0000 0.0000 1.0000
vn 0.0000 0.0000 1.0000
vn 0.0000 0.0000 1.0000
vn 0.0000 0.0000 1.0000
vn 0.0000 0.0000 1.0000
vn 0.0000 0.0000 1.0000
vn 0.0000 0.0000 1.0000
vn 0.0000 0.0000 1.0000
vn 0.0000 0.0000 1.0000
vn 0.0000 0.0000 1.0000
vn 0.0000 0.0000 1.0000
vn 0.0000 0.0000 1.0000
vn 0.0000 0.0000 1.0000
vn 0.0000 0.0000 1.0000
vn 0.0000 0.0000 1.0000
vn 0.0000 0.0000 1.0000
vn 0.0000 0.0000 1.0000
vn 0.0000 0.0000 1.0000
vn -1.0000 0.0000 -0.0000
vn -1.0000 0.0000 -0.0000
vn -1.0000 0.0000 -0.0000
vn -1.0000 0.0000 -0.0000
vn -1.0000 0.0000 -0.0000
vn -1.0000 0.0000 -0.0000
vn -1.0000 0.0000 -0.0000
vn -1.0000 0.0000 -0.0000
vn -0.9606 -0.2913 -0.0000
vn -0.9921 0.0945 -0.0000
vn -0.9921 0.0945 -0.0000
vn -0.9606 -0.2913 -0.0000
vn -0.9921 0.0945 -0.0000
vn -0.9921 0.0945 -0.0000
vn -0.9606 -0.2913 -0.0000
vn -0.9606 -0.2913 -0.0000
vn -0.7087 0.7087 -0.0000
vn -0.7087 -0.7087 -0.0000
vn -0.7087 0.7087 -0.0000
vn -0.7087 -0.7087 -0.0000
vn -0.9606 -0.2913 -0.0000
vn -0.9606 -0.2913 -0.0000
vn -0.9606 -0.2913 -0.0000
vn -0.9606 -0.2913 -0.0000
vn -0.9606 -0.2913 -0.0000
vn -0.9606 -0.2913 -0.0000
vn -0.9606 -0.2913 -0.0000
vn -0.9606 -0.2913 -0.0000
vn -0.7087 -0.7087 -0.0000
vn -0.7874 0.6142 -0.0000
vn -0.7087 -0.7087 -0.0000
vn -0.7874 0.6142 -0.0000
vn -1.0000 0.0000 -0.0000
vn -1.0000 0.0000 -0.0000
vn -1.0000 0.0000 -0.0000
vn -1.0000 0.0000 -0.0000
vn -1.0000 0.0000 -0.0000
vn -1.0000 0.0000 -0.0000
vn -1.0000 0.0000 -0.0000
vn -1.0000 0.0000 -0.0000
vn -1.0000 0.0000 -0.0000
vn -1.0000 0.0000 -0.0000
vn 0.2913 -0.9606 -0.0000
vn 0.2913 -0.9606 -0.0000
vn 0.2913 -0.9606 -0.0000
vn 0.2913 -0.9606 -0.0000
vn 0.2913 -0.9528 -0.0000
vn 0.2913 -0.9528 -0.0000
vn 0.2913 -0.9528 -0.0000
vn 0.2913 -0.9528 -0.0000
vn -0.7087 -0.7087 -0.0000
vn 0.7087 -0.7087 -0.0000
vn 0.7087 -0.7087 -0.0000
vn -0.7087 -0.7087 -0.0000
vn -0.2835 -0.9606 -0.0000
vn -0.1417 -0.9921 -0.0000
vn -0.1417 -0.9921 -0.0000
vn -0.2835 -0.9606 -0.0000
vn 0.1417 -0.9921 -0.0000
vn 0.1417 -0.9921 -0.0000
vn 0.2835 -0.9606 -0.0000
vn 0.2835 -0.9606 -0.0000
vn -0.6693 -0.7480 -0.0000
vn -0.3543 -0.9370 -0.0000
vn -0.6693 -0.7480 -0.0000
vn -0.3543 -0.9370 -0.0000
vn 0.0000 -1.0000 -0.0000
vn 0.0000 -1.0000 -0.0000
vn 0.0000 -1.0000 -0.0000
vn 0.0000 -1.0000 -0.0000
vn 0.7087 -0.7087 -0.0000
vn -0.7087 -0.7087 -0.0000
vn 0.7087 -0.7087 -0.0000
vn -0.7087 -0.7087 -0.0000
vn 0.0000 -1.0000 -0.0000
vn 0.0000 -1.0000 -0.0000
vn 0.0000 -1.0000 -0.0000
vn 0.0000 -1.0000 -0.0000
vn 0.0000 -1.0000 -0.0000
vn 0.0000 -1.0000 -0.0000
vn 0.0000 -1.0000 -0.0000
vn 0.0000 -1.0000 -0.0000
vn 0.0000 0.0000 -1.0000
vn 0.0000 0.0000 -1.0000
vn 0.0000 0.0000 -1.0000
vn 0.0000 0.0000 -1.0000
vn 0.0000 0.0000 -1.0000
vn 0.0000 0.0000 -1.0000
vn 0.0000 0.0000 -1.0000
vn 0.0000 0.0000 -1.0000
vn 0.0000 0.0000 -1.0000
vn 0.0000 0.0000 -1.0000
vn 0.0000 0.0000 -1.0000
vn 0.0000 0.0000 -1.0000
vn 0.0000 0.0000 -1.0000
vn 0.0000 0.0000 -1.0000
vn 0.0000 0.0000 -1.0000
vn 0.0000 0.0000 -1.0000
vn 0.0000 0.0000 -1.0000
vn 0.0000 0.0000 -1.0000
vn 0.0000 0.0000 -1.0000
vn 0.0000 0.0000 -1.0000
vn 0.0000 0.0000 -1.0000
vn 0.0000 0.0000 -1.0000
vn 0.0000 0.0000 -1.0000
vn 0.0000 0.0000 -1.0000
vn 0.0000 0.0000 -1.0000
vn 0.0000 0.0000 -1.0000
vn 0.0000 0.0000 -1.0000
vn 0.0000 0.0000 -1.0000
vn 0.0000 0.0000 -1.0000
vn 0.0000 0.0000 -1.0000
vn 0.0000 0.0000 -1.0000
vn 0.0000 0.0000 -1.0000
vn 0.0000 0.0000 -1.0000
vn 0.0000 0.0000 -1.0000
vn 0.0000 0.0000 -1.0000
vn 0.0000 0.0000 -1.0000
vn 0.0000 0.0000 -1.0000
vn 0.0000 0.0000 -1.0000
vn 0.0000 0.0000 -1.0000
vn 0.0000 0.0000 -1.0000
vn 0.0000 0.0000 -1.0000
vn 0.0000 0.0000 -1.0000
vn 0.0000 0.0000 -1.0000
vn 0.0000 0.0000 -1.0000
vn 0.0000 0.0000 -1.0000
vn 0.0000 0.0000 -1.0000
vn 0.0000 0.0000 -1.0000
vn 0.0000 0.0000 -1.0000
vn 0.0000 0.0000 -1.0000
usemtl Meshpart2Mtl
f 1/1/1 2/2/2 3/3/3
f 1/1/1 4/4/4 2/2/2
f 5/5/5 4/4/4 1/1/1
f 4/4/4 5/5/5 6/6/6
f 7/7/7 6/6/6 5/5/5
f 6/6/6 7/7/7 8/8/8
f 9/9/9 10/10/10 11/11/11
f 12/12/12 9/9/9 11/11/11
f 13/13/13 14/14/14 15/15/15
f 16/16/16 17/17/17 18/18/18
f 17/17/17 16/16/16 19/19/19
f 20/20/20 19/19/19 16/16/16
f 17/17/17 19/19/19 21/21/21
f 22/22/22 13/13/13 15/15/15
f 17/17/17 21/21/21 23/23/23
f 24/24/24 17/17/17 23/23/23
f 19/19/19 20/20/20 25/25/25
f 13/13/13 22/22/22 26/26/26
f 27/27/27 21/21/21 19/19/19
f 27/27/27 19/19/19 25/25/25
f 25/25/25 28/28/28 27/27/27
f 24/24/24 29/29/29 14/14/14
f 30/30/30 14/14/14 29/29/29
f 14/14/14 30/30/30 15/15/15
f 22/22/22 30/30/30 31/31/31
f 28/28/28 22/22/22 31/31/31
f 30/30/30 22/22/22 15/15/15
f 22/22/22 28/28/28 32/32/32
f 25/25/25 32/32/32 28/28/28
f 32/32/32 26/26/26 22/22/22
f 25/25/25 33/33/33 32/32/32
f 26/26/26 32/32/32 33/33/33
f 33/33/33 25/25/25 20/20/20
f 34/34/34 35/35/35 36/36/36
f 34/34/34 37/37/37 38/38/38
f 39/39/39 38/38/38 37/37/37
f 34/34/34 38/38/38 40/40/40
f 40/40/40 35/35/35 34/34/34
f 38/38/38 39/39/39 41/41/41
f 42/42/42 41/41/41 39/39/39
f 39/39/39 43/43/43 42/42/42
f 44/44/44 42/42/42 43/43/43
f 40/40/40 45/45/45 35/35/35
f 46/46/46 35/35/35 45/45/45
f 42/42/42 44/44/44 47/47/47
f 42/42/42 47/47/47 48/48/48
f 49/49/49 47/47/47 44/44/44
f 50/50/50 48/48/48 47/47/47
f 47/47/47 49/49/49 51/51/51
f 50/50/50 47/47/47 51/51/51
f 52/52/52 50/50/50 51/51/51
f 50/50/50 52/52/52 46/46/46
f 49/49/49 52/52/52 51/51/51
f 35/35/35 46/46/46 52/52/52
f 35/35/35 52/52/52 53/53/53
f 52/52/52 49/49/49 53/53/53
f 35/35/35 53/53/53 36/36/36
f 54/54/54 55/55/55 56/56/56
f 18/18/18 56/56/56 55/55/55
f 56/56/56 14/14/14 54/54/54
f 56/56/56 18/18/18 17/17/17
f 13/13/13 54/54/54 14/14/14
f 14/14/14 56/56/56 24/24/24
f 17/17/17 24/24/24 56/56/56
f 41/41/41 42/42/42 57/57/57
f 48/48/48 57/57/57 42/42/42
f 43/43/43 39/39/39 58/58/58
f 39/39/39 59/59/59 58/58/58
f 39/39/39 37/37/37 59/59/59
f 59/59/59 34/34/34 60/60/60
f 34/34/34 59/59/59 37/37/37
f 34/34/34 36/36/36 60/60/60
f 10/10/10 9/9/9 61/61/61
f 9/9/9 12/12/12 62/62/62
f 63/63/63 10/10/10 61/61/61
f 64/64/64 61/61/61 9/9/9
f 62/62/62 64/64/64 9/9/9
f 63/63/63 61/61/61 65/65/65
f 66/66/66 63/63/63 65/65/65
f 61/61/61 67/67/67 65/65/65
f 67/67/67 61/61/61 68/68/68
f 61/61/61 64/64/64 68/68/68
f 69/69/69 65/65/65 67/67/67
f 66/66/66 65/65/65 69/69/69
f 69/69/69 70/70/70 66/66/66
f 64/64/64 62/62/62 71/71/71
f 72/72/72 71/71/71 62/62/62
f 69/69/69 67/67/67 73/73/73
f 73/73/73 74/74/74 75/75/75
f 73/73/73 75/75/75 69/69/69
f 76/76/76 75/75/75 74/74/74
f 69/69/69 75/75/75 70/70/70
f 75/75/75 76/76/76 77/77/77
f 77/77/77 70/70/70 75/75/75
f 72/72/72 77/77/77 76/76/76
f 70/70/70 77/77/77 78/78/78
f 77/77/77 72/72/72 79/79/79
f 79/79/79 78/78/78 77/77/77
f 72/72/72 62/62/62 79/79/79
f 78/78/78 79/79/79 80/80/80
f 62/62/62 80/80/80 79/79/79
f 80/80/80 62/62/62 12/12/12
f 81/81/81 82/82/82 83/83/83
f 83/83/83 84/84/84 81/81/81
f 82/82/82 81/81/81 85/85/85
f 85/85/85 86/86/86 82/82/82
f 86/86/86 85/85/85 87/87/87
f 88/88/88 85/85/85 81/81/81
f 88/88/88 87/87/87 85/85/85
f 89/89/89 86/86/86 87/87/87
f 88/88/88 89/89/89 87/87/87
f 90/90/90 86/86/86 89/89/89
f 90/90/90 91/91/91 92/92/92
f 90/90/90 89/89/89 91/91/91
f 91/91/91 93/93/93 92/92/92
f 88/88/88 91/91/91 89/89/89
f 93/93/93 91/91/91 94/94/94
f 88/88/88 94/94/94 91/91/91
f 94/94/94 95/95/95 93/93/93
f 88/88/88 96/96/96 94/94/94
f 95/95/95 94/94/94 96/96/96
f 88/88/88 97/97/97 96/96/96
f 97/97/97 95/95/95 96/96/96
f 95/95/95 97/97/97 84/84/84
f 88/88/88 81/81/81 97/97/97
f 81/81/81 84/84/84 97/97/97
f 98/98/98 99/99/99 100/100/100
f 101/101/101 100/100/100 99/99/99
f 100/100/100 101/101/101 102/102/102
f 103/103/103 102/102/102 101/101/101
f 104/104/104 105/105/105 106/106/106
f 107/107/107 104/104/104 106/106/106
f 105/105/105 104/104/104 108/108/108
f 104/104/104 109/109/109 108/108/108
f 109/109/109 104/104/104 110/110/110
f 104/104/104 111/111/111 110/110/110
f 111/111/111 104/104/104 112/112/112
f 104/104/104 107/107/107 112/112/112
f 113/113/113 114/114/114 115/115/115
f 116/116/116 117/117/117 118/118/118
f 117/117/117 116/116/116 119/119/119
f 120/120/120 121/121/121 116/116/116
f 121/121/121 119/119/119 116/116/116
f 119/119/119 122/122/122 117/117/117
f 121/121/121 122/122/122 119/119/119
f 122/122/122 123/123/123 117/117/117
f 122/122/122 121/121/121 124/124/124
f 125/125/125 114/114/114 126/126/126
f 114/114/114 113/113/113 127/127/127
f 128/128/128 114/114/114 127/127/127
f 114/114/114 128/128/128 126/126/126
f 129/129/129 130/130/130 131/131/131
f 132/132/132 129/129/129 131/131/131
f 129/129/129 132/132/132 133/133/133
f 134/134/134 129/129/129 133/133/133
f 129/129/129 134/134/134 135/135/135
f 136/136/136 129/129/129 135/135/135
f 114/114/114 125/125/125 137/137/137
f 138/138/138 114/114/114 137/137/137
f 114/114/114 138/138/138 115/115/115
f 130/130/130 129/129/129 139/139/139
f 129/129/129 136/136/136 139/139/139
f 140/140/140 141/141/141 142/142/142
f 140/140/140 143/143/143 144/144/144
f 145/145/145 140/140/140 142/142/142
f 143/143/143 140/140/140 145/145/145
f 142/142/142 146/146/146 145/145/145
f 143/143/143 145/145/145 146/146/146
f 146/146/146 142/142/142 147/147/147
f 148/148/148 143/143/143 146/146/146
f 149/149/149 150/150/150 151/151/151
f 149/149/149 152/152/152 153/153/153
f 154/154/154 149/149/149 151/151/151
f 152/152/152 149/149/149 154/154/154
f 151/151/151 155/155/155 154/154/154
f 152/152/152 154/154/154 155/155/155
f 155/155/155 151/151/151 156/156/156
f 157/157/157 152/152/152 155/155/155
f 158/158/158 159/159/159 160/160/160
f 160/160/160 161/161/161 158/158/158
f 161/161/161 160/160/160 162/162/162
f 163/163/163 160/160/160 159/159/159
f 164/164/164 162/162/162 160/160/160
f 160/160/160 163/163/163 164/164/164
f 162/162/162 164/164/164 165/165/165
f 164/164/164 163/163/163 166/166/166
f 167/167/167 164/164/164 166/166/166
f 165/165/165 164/164/164 168/168/168
f 164/164/164 167/167/167 169/169/169
f 168/168/168 164/164/164 169/169/169
f 170/170/170 169/169/169 167/167/167
f 169/169/169 170/170/170 171/171/171
f 172/172/172 169/169/169 171/171/171
f 168/168/168 169/169/169 172/172/172
f 173/173/173 174/174/174 175/175/175
f 174/174/174 173/173/173 176/176/176
f 176/176/176 177/177/177 174/174/174
f 177/177/177 176/176/176 178/178/178
f 179/179/179 180/180/180 181/181/181
f 179/179/179 181/181/181 182/182/182
f 180/180/180 179/179/179 183/183/183
f 184/184/184 183/183/183 179/179/179
f 179/179/179 185/185/185 184/184/184
f 179/179/179 186/186/186 185/185/185
f 187/187/187 188/188/188 189/189/189
f 188/188/188 187/187/187 190/190/190
f 188/188/188 191/191/191 192/192/192
f 191/191/191 188/188/188 190/190/190
f 193/193/193 191/191/191 190/190/190
f 191/191/191 193/193/193 194/194/194
f 187/187/187 193/193/193 190/190/190
f 193/193/193 187/187/187 195/195/195
f 196/196/196 197/197/197 198/198/198
f 199/199/199 196/196/196 198/198/198
f 196/196/196 199/199/199 200/200/200
f 197/197/197 196/196/196 201/201/201
f 202/202/202 203/203/203 204/204/204
f 202/202/202 204/204/204 205/205/205
f 203/203/203 202/202/202 206/206/206
f 207/207/207 206/206/206 202/202/202
f 202/202/202 208/208/208 207/207/207
f 202/202/202 209/209/209 208/208/208
f 209/209/209 202/202/202 210/210/210
f 205/205/205 210/210/210 202/202/202
f 211/211/211 212/212/212 213/213/213
f 211/211/211 213/213/213 214/214/214
f 212/212/212 211/211/211 215/215/215
f 216/216/216 215/215/215 211/211/211
f 214/214/214 217/217/217 211/211/211
f 218/218/218 211/211/211 217/217/217
f 211/211/211 218/218/218 219/219/219
f 211/211/211 219/219/219 216/216/216
f 220/220/220 197/197/197 221/221/221
f 199/199/199 220/220/220 222/222/222
f 220/220/220 199/199/199 198/198/198
f 197/197/197 220/220/220 198/198/198
f 223/223/223 224/224/224 225/225/225
f 224/224/224 226/226/226 227/227/227
f 224/224/224 223/223/223 228/228/228
f 226/226/226 224/224/224 228/228/228
f 223/223/223 229/229/229 228/228/228
f 229/229/229 226/226/226 228/228/228
f 229/229/229 223/223/223 230/230/230
f 226/226/226 229/229/229 231/231/231
f 182/182/182 232/232/232 179/179/179
f 186/186/186 179/179/179 232/232/232
f 233/233/233 234/234/234 235/235/235
f 236/236/236 234/234/234 233/233/233
f 235/235/235 234/234/234 237/237/237
f 238/238/238 235/235/235 237/237/237
f 238/238/238 237/237/237 239/239/239
f 237/237/237 240/240/240 239/239/239
f 240/240/240 237/237/237 241/241/241
f 234/234/234 241/241/241 237/237/237
f 241/241/241 234/234/234 242/242/242
f 234/234/234 243/243/243 242/242/242
f 234/234/234 244/244/244 243/243/243
f 234/234/234 236/236/236 244/244/244
f 244/244/244 245/245/245 243/243/243
f 246/246/246 244/244/244 236/236/236
f 244/244/244 247/247/247 245/245/245
f 244/244/244 246/246/246 247/247/247
f 248/248/248 249/249/249 250/250/250
f 249/249/249 248/248/248 251/251/251
f 252/252/252 249/249/249 251/251/251
f 253/253/253 248/248/248 250/250/250
f 254/254/254 251/251/251 248/248/248
f 253/253/253 254/254/254 248/248/248
f 250/250/250 255/255/255 253/253/253
f 252/252/252 251/251/251 256/256/256
f 255/255/255 257/257/257 253/253/253
f 257/257/257 255/255/255 258/258/258
f 259/259/259 257/257/257 258/258/258
f 260/260/260 253/253/253 257/257/257
f 253/253/253 260/260/260 261/261/261
f 254/254/254 253/253/253 261/261/261
f 262/262/262 260/260/260 257/257/257
f 257/257/257 259/259/259 262/262/262
f 263/263/263 264/264/264 265/265/265
f 266/266/266 263/263/263 265/265/265
f 263/263/263 266/266/266 267/267/267
f 268/268/268 267/267/267 266/266/266
f 267/267/267 268/268/268 269/269/269
f 264/264/264 270/270/270 271/271/271
f 272/272/272 269/269/269 268/268/268
f 270/270/270 273/273/273 271/271/271
f 273/273/273 270/270/270 274/274/274
f 275/275/275 273/273/273 274/274/274
f 270/270/270 276/276/276 274/274/274
f 276/276/276 275/275/275 274/274/274
f 276/276/276 270/270/270 277/277/277
f 273/273/273 275/275/275 278/278/278
f 272/272/272 278/278/278 275/275/275
f 276/276/276 279/279/279 275/275/275
f 269/269/269 280/280/280 281/281/281
f 279/279/279 280/280/280 282/282/282
f 280/280/280 269/269/269 282/282/282
f 282/282/282 275/275/275 279/279/279
f 269/269/269 272/272/272 282/282/282
f 275/275/275 282/282/282 272/272/272
f 283/283/283 284/284/284 285/285/285
f 286/286/286 285/285/285 284/284/284
f 284/284/284 283/283/283 287/287/287
f 287/287/287 288/288/288 284/284/284
f 289/289/289 290/290/290 291/291/291
f 292/292/292 284/284/284 288/288/288
f 284/284/284 293/293/293 286/286/286
f 289/289/289 286/286/286 293/293/293
f 284/284/284 292/292/292 293/293/293
f 290/290/290 289/289/289 294/294/294
f 289/289/289 293/293/293 294/294/294
f 295/295/295 293/293/293 292/292/292
f 293/293/293 295/295/295 294/294/294
f 295/295/295 290/290/290 294/294/294
f 290/290/290 295/295/295 296/296/296
f 297/297/297 290/290/290 296/296/296
f 296/296/296 298/298/298 297/297/297
f 299/299/299 300/300/300 263/263/263
f 281/281/281 299/299/299 267/267/267
f 299/299/299 263/263/263 267/267/267
f 281/281/281 267/267/267 269/269/269
f 301/301/301 300/300/300 302/302/302
f 300/300/300 301/301/301 263/263/263
f 277/277/277 301/301/301 302/302/302
f 264/264/264 263/263/263 301/301/301
f 301/301/301 277/277/277 270/270/270
f 270/270/270 264/264/264 301/301/301
f 297/297/297 303/303/303 304/304/304
f 291/291/291 297/297/297 304/304/304
f 303/303/303 297/297/297 305/305/305
f 306/306/306 303/303/303 305/305/305
f 297/297/297 291/291/291 290/290/290
f 306/306/306 305/305/305 307/307/307
f 298/298/298 305/305/305 297/297/297
f 287/287/287 306/306/306 307/307/307
f 305/305/305 308/308/308 307/307/307
f 287/287/287 307/307/307 308/308/308
f 308/308/308 305/305/305 309/309/309
f 305/305/305 298/298/298 309/309/309
f 306/306/306 287/287/287 283/283/283
f 287/287/287 308/308/308 310/310/310
f 288/288/288 287/287/287 310/310/310
f 311/311/311 262/262/262 259/259/259
f 312/312/312 313/313/313 311/311/311
f 262/262/262 311/311/311 313/313/313
f 252/252/252 314/314/314 312/312/312
f 313/313/313 312/312/312 314/314/314
f 314/314/314 252/252/252 256/256/256
f 262/262/262 313/313/313 315/315/315
f 314/314/314 315/315/315 313/313/313
f 262/262/262 315/315/315 316/316/316
f 260/260/260 262/262/262 316/316/316
f 256/256/256 317/317/317 314/314/314
f 315/315/315 314/314/314 317/317/317
f 251/251/251 254/254/254 318/318/318
f 256/256/256 251/251/251 318/318/318
f 256/256/256 318/318/318 319/319/319
f 317/317/317 256/256/256 319/319/319
f 320/320/320 321/321/321 322/322/322
f 321/321/321 320/320/320 323/323/323
f 322/322/322 324/324/324 320/320/320
f 324/324/324 322/322/322 325/325/325
f 320/320/320 326/326/326 323/323/323
f 324/324/324 326/326/326 320/320/320
f 327/327/327 321/321/321 323/323/323
f 321/321/321 327/327/327 328/328/328
f 323/323/323 326/326/326 327/327/327
f 329/329/329 324/324/324 325/325/325
f 330/330/330 328/328/328 327/327/327
f 327/327/327 326/326/326 330/330/330
f 331/331/331 328/328/328 330/330/330
f 332/332/332 326/326/326 324/324/324
f 324/324/324 329/329/329 332/332/332
f 333/333/333 326/326/326 332/332/332
f 330/330/330 326/326/326 334/334/334
f 334/334/334 326/326/326 333/333/333
f 330/330/330 335/335/335 331/331/331
f 335/335/335 330/330/330 334/334/334
f 332/332/332 336/336/336 333/333/333
f 336/336/336 334/334/334 333/333/333
f 334/334/334 336/336/336 335/335/335
f 329/329/329 336/336/336 332/332/332
f 337/337/337 338/338/338 339/339/339
f 339/339/339 340/340/340 337/337/337
f 340/340/340 339/339/339 341/341/341
f 338/338/338 337/337/337 342/342/342
f 343/343/343 344/344/344 345/345/345
f 345/345/345 346/346/346 343/343/343
f 345/345/345 347/347/347 346/346/346
f 348/348/348 349/349/349 350/350/350
f 351/351/351 350/350/350 349/349/349
f 352/352/352 353/353/353 354/354/354
f 355/355/355 352/352/352 356/356/356
f 352/352/352 355/355/355 357/357/357
f 353/353/353 352/352/352 357/357/357
f 358/358/358 353/353/353 357/357/357
f 355/355/355 358/358/358 357/357/357
f 358/358/358 355/355/355 359/359/359
f 353/353/353 358/358/358 360/360/360
f 361/361/361 362/362/362 363/363/363
f 364/364/364 363/363/363 362/362/362
f 362/362/362 365/365/365 364/364/364
f 362/362/362 366/366/366 365/365/365
f 367/367/367 368/368/368 369/369/369
f 368/368/368 370/370/370 371/371/371
f 370/370/370 368/368/368 372/372/372
f 368/368/368 367/367/367 372/372/372
f 370/370/370 373/373/373 374/374/374
f 373/373/373 370/370/370 372/372/372
f 367/367/367 373/373/373 372/372/372
f 373/373/373 367/367/367 375/375/375
f 376/376/376 377/377/377 349/349/349
f 378/378/378 349/349/349 377/377/377
f 349/349/349 378/378/378 379/379/379
f 349/349/349 379/379/379 351/351/351
f 349/349/349 380/380/380 376/376/376
f 349/349/349 348/348/348 380/380/380
f 381/381/381 382/382/382 362/362/362
f 362/362/362 383/383/383 381/381/381
f 362/362/362 361/361/361 383/383/383
f 366/366/366 362/362/362 382/382/382
f 345/345/345 384/384/384 385/385/385
f 345/345/345 386/386/386 384/384/384
f 385/385/385 387/387/387 345/345/345
f 386/386/386 345/345/345 344/344/344
f 347/347/347 345/345/345 387/387/387
f 388/388/388 389/389/389 390/390/390
f 389/389/389 388/388/388 391/391/391
f 392/392/392 389/389/389 391/391/391
f 389/389/389 392/392/392 393/393/393
f 388/388/388 394/394/394 391/391/391
f 394/394/394 392/392/392 391/391/391
f 394/394/394 388/388/388 395/395/395
f 392/392/392 394/394/394 396/396/396
f 397/397/397 398/398/398 399/399/399
f 398/398/398 400/400/400 399/399/399
f 398/398/398 401/401/401 400/400/400
f 398/398/398 397/397/397 402/402/402
f 403/403/403 402/402/402 397/397/397
f 404/404/404 398/398/398 402/402/402
f 405/405/405 398/398/398 404/404/404
f 406/406/406 398/398/398 405/405/405
f 398/398/398 406/406/406 401/401/401
f 407/407/407 404/404/404 402/402/402
f 402/402/402 403/403/403 408/408/408
f 407/407/407 402/402/402 408/408/408
f 401/401/401 409/409/409 400/400/400
f 410/410/410 401/401/401 406/406/406
f 401/401/401 410/410/410 411/411/411
f 401/401/401 411/411/411 409/409/409
f 412/412/412 413/413/413 414/414/414
f 413/413/413 412/412/412 415/415/415
f 415/415/415 416/416/416 413/413/413
f 416/416/416 415/415/415 417/417/417
f 418/418/418 419/419/419 420/420/420
f 418/418/418 420/420/420 421/421/421
f 422/422/422 423/423/423 424/424/424
f 423/423/423 422/422/422 425/425/425
f 426/426/426 423/423/423 425/425/425
f 423/423/423 426/426/426 427/427/427
f 422/422/422 428/428/428 425/425/425
f 428/428/428 426/426/426 425/425/425
f 428/428/428 422/422/422 429/429/429
f 426/426/426 428/428/428 430/430/430
f 431/431/431 432/432/432 433/433/433
f 434/434/434 433/433/433 432/432/432
f 432/432/432 435/435/435 434/434/434
f 432/432/432 436/436/436 435/435/435
f 436/436/436 432/432/432 437/437/437
f 438/438/438 437/437/437 432/432/432
f 439/439/439 440/440/440 441/441/441
f 439/439/439 441/441/441 442/442/442
f 440/440/440 439/439/439 443/443/443
f 444/444/444 445/445/445 446/446/446
f 447/447/447 443/443/443 439/439/439
f 439/439/439 448/448/448 447/447/447
f 439/439/439 449/449/449 448/448/448
f 449/449/449 439/439/439 450/450/450
f 442/442/442 450/450/450 439/439/439
f 445/445/445 451/451/451 452/452/452
f 432/432/432 453/453/453 438/438/438
f 432/432/432 431/431/431 453/453/453
f 451/451/451 454/454/454 455/455/455
f 454/454/454 451/451/451 456/456/456
f 444/444/444 454/454/454 456/456/456
f 451/451/451 445/445/445 456/456/456
f 445/445/445 444/444/444 456/456/456
f 454/454/454 444/444/444 457/457/457
f 421/421/421 458/458/458 418/418/418
f 459/459/459 418/418/418 458/458/458
f 418/418/418 459/459/459 460/460/460
f 418/418/418 460/460/460 461/461/461
f 461/461/461 462/462/462 418/418/418
f 419/419/419 418/418/418 462/462/462
f 463/463/463 464/464/464 465/465/465
f 464/464/464 463/463/463 466/466/466
f 467/467/467 463/463/463 468/468/468
f 463/463/463 467/467/467 466/466/466
f 469/469/469 464/464/464 466/466/466
f 467/467/467 469/469/469 466/466/466
f 464/464/464 469/469/469 470/470/470
f 469/469/469 467/467/467 471/471/471
f 472/472/472 473/473/473 474/474/474
f 473/473/473 475/475/475 474/474/474
f 476/476/476 477/477/477 478/478/478
f 479/479/479 476/476/476 478/478/478
f 477/477/477 476/476/476 472/472/472
f 473/473/473 472/472/472 476/476/476
f 479/479/479 480/480/480 476/476/476
f 480/480/480 473/473/473 476/476/476
f 481/481/481 473/473/473 480/480/480
f 482/482/482 473/473/473 481/481/481
f 483/483/483 484/484/484 482/482/482
f 473/473/473 482/482/482 484/484/484
f 473/473/473 484/484/484 475/475/475
f 484/484/484 483/483/483 485/485/485
f 484/484/484 486/486/486 475/475/475
f 484/484/484 485/485/485 486/486/486
f 487/487/487 488/488/488 489/489/489
f 490/490/490 489/489/489 488/488/488
f 491/491/491 492/492/492 493/493/493
f 492/492/492 494/494/494 493/493/493
f 495/495/495 496/496/496 497/497/497
f 495/495/495 497/497/497 498/498/498
f 499/499/499 500/500/500 501/501/501
f 501/501/501 500/500/500 502/502/502
f 502/502/502 503/503/503 501/501/501
f 500/500/500 499/499/499 504/504/504
f 504/504/504 499/499/499 505/505/505
f 499/499/499 506/506/506 505/505/505
f 505/505/505 506/506/506 507/507/507
f 504/504/504 505/505/505 508/508/508
f 509/509/509 504/504/504 508/508/508
f 509/509/509 508/508/508 510/510/510
f 511/511/511 512/512/512 513/513/513
f 511/511/511 513/513/513 514/514/514
f 515/515/515 516/516/516 517/517/517
f 516/516/516 515/515/515 518/518/518
f 519/519/519 520/520/520 521/521/521
f 520/520/520 522/522/522 521/521/521
f 523/523/523 524/524/524 525/525/525
f 523/523/523 525/525/525 526/526/526
f 527/527/527 528/528/528 529/529/529
f 530/530/530 529/529/529 528/528/528
f 529/529/529 530/530/530 531/531/531
f 531/531/531 530/530/530 532/532/532
f 533/533/533 534/534/534 535/535/535
f 534/534/534 533/533/533 536/536/536
f 537/537/537 538/538/538 539/539/539
f 538/538/538 540/540/540 539/539/539
f 541/541/541 539/539/539 540/540/540
f 539/539/539 541/541/541 542/542/542
f 543/543/543 542/542/542 541/541/541
f 542/542/542 543/543/543 544/544/544
f 545/545/545 546/546/546 547/547/547
f 545/545/545 547/547/547 548/548/548
f 549/549/549 550/550/550 551/551/551
f 550/550/550 552/552/552 551/551/551
f 553/553/553 554/554/554 555/555/555
f 554/554/554 553/553/553 556/556/556
f 557/557/557 558/558/558 559/559/559
f 560/560/560 559/559/559 558/558/558
f 561/561/561 562/562/562 563/563/563
f 561/561/561 563/563/563 564/564/564
f 565/565/565 566/566/566 567/567/567
f 565/565/565 567/567/567 568/568/568
f 569/569/569 570/570/570 571/571/571
f 570/570/570 569/569/569 572/572/572
f 573/573/573 574/574/574 575/575/575
f 574/574/574 573/573/573 576/576/576
f 577/577/577 578/578/578 579/579/579
f 578/578/578 577/577/577 580/580/580
f 580/580/580 581/581/581 578/578/578
f 580/580/580 582/582/582 581/581/581
f 583/583/583 581/581/581 582/582/582
f 581/581/581 583/583/583 584/584/584
f 585/585/585 586/586/586 587/587/587
f 585/585/585 587/587/587 588/588/588
f 589/589/589 590/590/590 591/591/591
f 589/589/589 591/591/591 592/592/592
f 593/593/593 594/594/594 595/595/595
f 594/594/594 593/593/593 596/596/596
f 597/597/597 598/598/598 599/599/599
f 598/598/598 597/597/597 600/600/600
f 601/601/601 602/602/602 603/603/603
f 602/602/602 601/601/601 604/604/604
f 605/605/605 606/606/606 607/607/607
f 606/606/606 605/605/605 608/608/608
f 609/609/609 610/610/610 611/611/611
f 610/610/610 609/609/609 612/612/612
f 613/613/613 614/614/614 615/615/615
f 615/615/615 616/616/616 613/613/613
f 617/617/617 616/616/616 615/615/615
f 618/618/618 619/619/619 620/620/620
f 616/616/616 617/617/617 620/620/620
f 620/620/620 617/617/617 618/618/618
f 621/621/621 622/622/622 623/623/623
f 621/621/621 623/623/623 624/624/624
f 625/625/625 626/626/626 627/627/627
f 625/625/625 627/627/627 628/628/628
f 629/629/629 630/630/630 631/631/631
f 631/631/631 632/632/632 629/629/629
f 633/633/633 634/634/634 635/635/635
f 635/635/635 636/636/636 633/633/633
f 637/637/637 638/638/638 639/639/639
f 639/639/639 640/640/640 637/637/637
f 641/641/641 642/642/642 643/643/643
f 643/643/643 644/644/644 641/641/641
f 645/645/645 646/646/646 647/647/647
f 648/648/648 647/647/647 646/646/646
f 647/647/647 649/649/649 645/645/645
f 650/650/650 645/645/645 649/649/649
f 649/649/649 651/651/651 650/650/650
f 652/652/652 650/650/650 651/651/651
f 652/652/652 653/653/653 650/650/650
f 654/654/654 650/650/650 653/653/653
f 653/653/653 652/652/652 655/655/655
f 650/650/650 654/654/654 656/656/656
f 657/657/657 655/655/655 652/652/652
f 656/656/656 654/654/654 658/658/658
f 655/655/655 657/657/657 659/659/659
f 660/660/660 656/656/656 658/658/658
f 657/657/657 661/661/661 659/659/659
f 658/658/658 662/662/662 660/660/660
f 662/662/662 661/661/661 660/660/660
f 661/661/661 657/657/657 663/663/663
f 663/663/663 660/660/660 661/661/661
f 645/645/645 664/664/664 665/665/665
f 645/645/645 666/666/666 664/664/664
f 664/664/664 666/666/666 667/667/667
f 666/666/666 668/668/668 667/667/667
f 666/666/666 669/669/669 668/668/668
f 664/664/664 670/670/670 665/665/665
f 665/665/665 646/646/646 645/645/645
f 646/646/646 668/668/668 669/669/669
f 670/670/670 646/646/646 665/665/665
f 668/668/668 646/646/646 671/671/671
f 672/672/672 646/646/646 670/670/670
f 671/671/671 646/646/646 673/673/673
f 646/646/646 672/672/672 673/673/673
f 672/672/672 671/671/671 673/673/673
f 674/674/674 675/675/675 676/676/676
f 675/675/675 674/674/674 677/677/677
f 678/678/678 679/679/679 680/680/680
f 679/679/679 678/678/678 681/681/681
f 682/682/682 683/683/683 684/684/684
f 683/683/683 682/682/682 685/685/685
f 686/686/686 687/687/687 688/688/688
f 687/687/687 686/686/686 689/689/689
f 690/690/690 691/691/691 692/692/692
f 691/691/691 690/690/690 693/693/693
f 694/694/694 695/695/695 696/696/696
f 695/695/695 694/694/694 697/697/697
f 698/698/698 699/699/699 700/700/700
f 700/700/700 701/701/701 698/698/698
f 702/702/702 703/703/703 704/704/704
f 702/702/702 704/704/704 705/705/705
f 706/706/706 707/707/707 708/708/708
f 708/708/708 707/707/707 709/709/709
f 710/710/710 711/711/711 712/712/712
f 711/711/711 710/710/710 713/713/713
f 714/714/714 715/715/715 716/716/716
f 716/716/716 715/715/715 717/717/717
f 717/717/717 718/718/718 716/716/716
f 719/719/719 716/716/716 718/718/718
f 719/719/719 718/718/718 720/720/720
f 718/718/718 717/717/717 721/721/721
f 722/722/722 721/721/721 717/717/717
f 721/721/721 722/722/722 723/723/723
f 724/724/724 725/725/725 726/726/726
f 724/724/724 726/726/726 727/727/727
f 728/728/728 729/729/729 730/730/730
f 731/731/731 728/728/728 730/730/730
f 732/732/732 733/733/733 734/734/734
f 733/733/733 732/732/732 735/735/735
f 736/736/736 737/737/737 738/738/738
f 736/736/736 738/738/738 739/739/739
f 740/740/740 741/741/741 742/742/742
f 741/741/741 740/740/740 743/743/743
f 744/744/744 745/745/745 746/746/746
f 744/744/744 746/746/746 747/747/747
f 748/748/748 749/749/749 750/750/750
f 751/751/751 750/750/750 749/749/749
f 750/750/750 751/751/751 752/752/752
f 752/752/752 751/751/751 753/753/753
f 754/754/754 755/755/755 756/756/756
f 754/754/754 756/756/756 757/757/757
f 758/758/758 759/759/759 760/760/760
f 759/759/759 758/758/758 761/761/761
f 762/762/762 763/763/763 764/764/764
f 763/763/763 762/762/762 765/765/765
f 766/766/766 767/767/767 768/768/768
f 766/766/766 768/768/768 769/769/769
f 770/770/770 771/771/771 772/772/772
f 771/771/771 770/770/770 773/773/773
f 774/774/774 775/775/775 776/776/776
f 774/774/774 776/776/776 777/777/777
f 778/778/778 779/779/779 780/780/780
f 779/779/779 778/778/778 781/781/781
f 782/782/782 783/783/783 784/784/784
f 783/783/783 782/782/782 785/785/785
f 786/786/786 787/787/787 788/788/788
f 787/787/787 786/786/786 789/789/789
f 790/790/790 791/791/791 792/792/792
f 793/793/793 792/792/792 791/791/791
f 794/794/794 793/793/793 791/791/791
f 793/793/793 794/794/794 795/795/795
f 796/796/796 797/797/797 798/798/798
f 798/798/798 797/797/797 799/799/799
f 800/800/800 801/801/801 802/802/802
f 801/801/801 800/800/800 803/803/803
f 804/804/804 805/805/805 806/806/806
f 805/805/805 804/804/804 807/807/807
f 808/808/808 809/809/809 810/810/810
f 809/809/809 808/808/808 811/811/811
f 812/812/812 813/813/813 814/814/814
f 813/813/813 812/812/812 815/815/815
f 816/816/816 817/817/817 818/818/818
f 817/817/817 816/816/816 819/819/819
f 820/820/820 818/818/818 817/817/817
f 821/821/821 816/816/816 818/818/818
f 816/816/816 821/821/821 822/822/822
f 822/822/822 823/823/823 816/816/816
f 818/818/818 824/824/824 821/821/821
f 823/823/823 822/822/822 825/825/825
f 818/818/818 826/826/826 824/824/824
f 827/827/827 823/823/823 825/825/825
f 824/824/824 826/826/826 828/828/828
f 823/823/823 827/827/827 829/829/829
f 826/826/826 830/830/830 828/828/828
f 830/830/830 829/829/829 827/827/827
f 831/831/831 828/828/828 830/830/830
f 830/830/830 827/827/827 831/831/831
f 818/818/818 820/820/820 832/832/832
f 833/833/833 832/832/832 820/820/820
f 832/832/832 833/833/833 834/834/834
f 834/834/834 835/835/835 832/832/832
f 836/836/836 832/832/832 835/835/835
f 832/832/832 836/836/836 837/837/837
f 838/838/838 836/836/836 835/835/835
f 834/834/834 838/838/838 835/835/835
f 837/837/837 836/836/836 839/839/839
f 840/840/840 837/837/837 839/839/839
f 837/837/837 840/840/840 841/841/841
f 840/840/840 834/834/834 841/841/841
f 838/838/838 834/834/834 842/842/842
f 834/834/834 840/840/840 843/843/843
f 843/843/843 842/842/842 844/844/844
f 842/842/842 834/834/834 844/844/844
f 844/844/844 834/834/834 843/843/843
f 845/845/845 846/846/846 847/847/847
f 847/847/847 848/848/848 845/845/845
f 849/849/849 850/850/850 851/851/851
f 850/850/850 849/849/849 852/852/852
f 853/853/853 854/854/854 855/855/855
f 854/854/854 853/853/853 856/856/856
f 857/857/857 858/858/858 859/859/859
f 858/858/858 857/857/857 860/860/860
f 861/861/861 862/862/862 863/863/863
f 861/861/861 863/863/863 864/864/864
f 865/865/865 866/866/866 867/867/867
f 865/865/865 867/867/867 868/868/868
f 869/869/869 870/870/870 871/871/871
f 870/870/870 869/869/869 872/872/872
f 873/873/873 874/874/874 875/875/875
f 876/876/876 875/875/875 874/874/874
f 877/877/877 878/878/878 879/879/879
f 879/879/879 880/880/880 877/877/877
usemtl Meshpart4Mtl
f 881/881/881 882/882/882 883/883/883
f 883/883/883 882/882/882 884/884/884
f 882/882/882 881/881/881 885/885/885
f 885/885/885 886/886/886 882/882/882
f 887/887/887 888/888/888 889/889/889
f 890/890/890 888/888/888 887/887/887
f 891/891/891 892/892/892 893/893/893
f 891/891/891 893/893/893 894/894/894
f 895/895/895 896/896/896 897/897/897
f 895/895/895 897/897/897 898/898/898
f 895/895/895 898/898/898 899/899/899
f 899/899/899 900/900/900 895/895/895
f 900/900/900 899/899/899 901/901/901
f 901/901/901 902/902/902 900/900/900
f 903/903/903 904/904/904 905/905/905
f 905/905/905 904/904/904 906/906/906
f 907/907/907 908/908/908 909/909/909
f 909/909/909 908/908/908 910/910/910
f 907/907/907 911/911/911 908/908/908
f 912/912/912 911/911/911 907/907/907
f 912/912/912 913/913/913 911/911/911
f 912/912/912 914/914/914 913/913/913
f 915/915/915 916/916/916 917/917/917
f 915/915/915 917/917/917 918/918/918
f 919/919/919 920/920/920 921/921/921
f 919/919/919 921/921/921 922/922/922
f 923/923/923 924/924/924 925/925/925
f 925/925/925 924/924/924 926/926/926
f 927/927/927 924/924/924 923/923/923
f 924/924/924 927/927/927 928/928/928
f 929/929/929 930/930/930 931/931/931
f 929/929/929 931/931/931 932/932/932
f 933/933/933 934/934/934 935/935/935
f 933/933/933 935/935/935 936/936/936
f 937/937/937 938/938/938 939/939/939
f 937/937/937 939/939/939 940/940/940
f 941/941/941 942/942/942 943/943/943
f 942/942/942 941/941/941 944/944/944
f 945/945/945 946/946/946 947/947/947
f 945/945/945 948/948/948 946/946/946
f 949/949/949 950/950/950 951/951/951
f 949/949/949 951/951/951 952/952/952
f 953/953/953 949/949/949 952/952/952
f 954/954/954 955/955/955 956/956/956
f 953/953/953 952/952/952 955/955/955
f 954/954/954 953/953/953 955/955/955
f 957/957/957 958/958/958 959/959/959
f 957/957/957 959/959/959 960/960/960
f 961/961/961 962/962/962 963/963/963
f 964/964/964 963/963/963 962/962/962
f 965/965/965 961/961/961 963/963/963
f 966/966/966 964/964/964 962/962/962
f 961/961/961 965/965/965 967/967/967
f 964/964/964 966/966/966 968/968/968
f 969/969/969 967/967/967 965/965/965
f 966/966/966 970/970/970 968/968/968
f 967/967/967 969/969/969 971/971/971
f 972/972/972 968/968/968 970/970/970
f 972/972/972 971/971/971 969/969/969
f 968/968/968 972/972/972 973/973/973
f 972/972/972 969/969/969 973/973/973
f 974/974/974 975/975/975 976/976/976
f 977/977/977 976/976/976 975/975/975
f 974/974/974 976/976/976 978/978/978
f 976/976/976 977/977/977 979/979/979
f 980/980/980 974/974/974 978/978/978
f 980/980/980 979/979/979 977/977/977
f 980/980/980 978/978/978 981/981/981
f 979/979/979 980/980/980 981/981/981
f 982/982/982 983/983/983 984/984/984
f 985/985/985 984/984/984 983/983/983
f 984/984/984 986/986/986 982/982/982
f 985/985/985 983/983/983 987/987/987
f 988/988/988 982/982/982 986/986/986
f 987/987/987 989/989/989 985/985/985
f 982/982/982 988/988/988 990/990/990
f 989/989/989 987/987/987 991/991/991
f 992/992/992 990/990/990 988/988/988
f 993/993/993 989/989/989 991/991/991
f 990/990/990 992/992/992 993/993/993
f 989/989/989 993/993/993 992/992/992
f 994/994/994 995/995/995 996/996/996
f 997/997/997 996/996/996 995/995/995
f 995/995/995 994/994/994 998/998/998
f 999/999/999 997/997/997 995/995/995
f 1000/1000/1000 998/998/998 994/994/994
f 997/997/997 999/999/999 1001/1001/1001
f 998/998/998 1000/1000/1000 1002/1002/1002
f 1003/1003/1003 1001/1001/1001 999/999/999
f 1004/1004/1004 1002/1002/1002 1000/1000/1000
f 1005/1005/1005 1001/1001/1001 1003/1003/1003
f 1002/1002/1002 1004/1004/1004 1006/1006/1006
f 1001/1001/1001 1005/1005/1005 1007/1007/1007
f 1008/1008/1008 1006/1006/1006 1004/1004/1004
f 1008/1008/1008 1007/1007/1007 1005/1005/1005
f 1004/1004/1004 1009/1009/1009 1008/1008/1008
f 1007/1007/1007 1008/1008/1008 1009/1009/1009
f 1010/1010/1010 1011/1011/1011 1012/1012/1012
f 1010/1010/1010 1012/1012/1012 1013/1013/1013
f 1014/1014/1014 1015/1015/1015 1016/1016/1016
f 1014/1014/1014 1016/1016/1016 1017/1017/1017
f 1018/1018/1018 1019/1019/1019 1020/1020/1020
f 1018/1018/1018 1020/1020/1020 1021/1021/1021
f 1022/1022/1022 1020/1020/1020 1019/1019/1019
f 1020/1020/1020 1022/1022/1022 1023/1023/1023
f 1024/1024/1024 1023/1023/1023 1022/1022/1022
f 1023/1023/1023 1024/1024/1024 1025/1025/1025
f 1026/1026/1026 1027/1027/1027 1028/1028/1028
f 1029/1029/1029 1027/1027/1027 1026/1026/1026
f 1030/1030/1030 1031/1031/1031 1032/1032/1032
f 1032/1032/1032 1031/1031/1031 1033/1033/1033
f 1032/1032/1032 1033/1033/1033 1034/1034/1034
f 1034/1034/1034 1033/1033/1033 1035/1035/1035
f 1036/1036/1036 1034/1034/1034 1035/1035/1035
f 1036/1036/1036 1035/1035/1035 1037/1037/1037
f 1038/1038/1038 1039/1039/1039 1040/1040/1040
f 1038/1038/1038 1041/1041/1041 1039/1039/1039
f 1042/1042/1042 1043/1043/1043 1044/1044/1044
f 1044/1044/1044 1043/1043/1043 1045/1045/1045
f 1046/1046/1046 1047/1047/1047 1048/1048/1048
f 1047/1047/1047 1046/1046/1046 1049/1049/1049
f 1047/1047/1047 1050/1050/1050 1048/1048/1048
f 1050/1050/1050 1047/1047/1047 1051/1051/1051
f 1052/1052/1052 1053/1053/1053 1054/1054/1054
f 1052/1052/1052 1054/1054/1054 1055/1055/1055
f 1056/1056/1056 1057/1057/1057 1058/1058/1058
f 1056/1056/1056 1058/1058/1058 1059/1059/1059
f 1060/1060/1060 1061/1061/1061 1062/1062/1062
f 1060/1060/1060 1062/1062/1062 1063/1063/1063
f 1064/1064/1064 1065/1065/1065 1066/1066/1066
f 1064/1064/1064 1066/1066/1066 1067/1067/1067
f 1065/1065/1065 1068/1068/1068 1066/1066/1066
f 1065/1065/1065 1069/1069/1069 1068/1068/1068
f 1069/1069/1069 1070/1070/1070 1068/1068/1068
f 1069/1069/1069 1071/1071/1071 1070/1070/1070
f 1072/1072/1072 1073/1073/1073 1074/1074/1074
f 1073/1073/1073 1075/1075/1075 1074/1074/1074
f 1076/1076/1076 1075/1075/1075 1073/1073/1073
f 1075/1075/1075 1076/1076/1076 1077/1077/1077
f 1076/1076/1076 1078/1078/1078 1077/1077/1077
f 1078/1078/1078 1076/1076/1076 1079/1079/1079
f 1080/1080/1080 1081/1081/1081 1082/1082/1082
f 1080/1080/1080 1083/1083/1083 1081/1081/1081
f 1084/1084/1084 1085/1085/1085 1086/1086/1086
f 1085/1085/1085 1084/1084/1084 1087/1087/1087
f 1088/1088/1088 1089/1089/1089 1090/1090/1090
f 1088/1088/1088 1090/1090/1090 1091/1091/1091
f 1092/1092/1092 1093/1093/1093 1094/1094/1094
f 1093/1093/1093 1092/1092/1092 1095/1095/1095
f 1094/1094/1094 1096/1096/1096 1092/1092/1092
f 1097/1097/1097 1093/1093/1093 1095/1095/1095
f 1096/1096/1096 1094/1094/1094 1098/1098/1098
f 1093/1093/1093 1097/1097/1097 1099/1099/1099
f 1100/1100/1100 1096/1096/1096 1098/1098/1098
f 1097/1097/1097 1101/1101/1101 1099/1099/1099
f 1100/1100/1100 1098/1098/1098 1102/1102/1102
f 1097/1097/1097 1103/1103/1103 1101/1101/1101
f 1102/1102/1102 1104/1104/1104 1100/1100/1100
f 1101/1101/1101 1103/1103/1103 1104/1104/1104
f 1104/1104/1104 1102/1102/1102 1101/1101/1101
f 1105/1105/1105 1106/1106/1106 1107/1107/1107
f 1108/1108/1108 1107/1107/1107 1106/1106/1106
f 1105/1105/1105 1107/1107/1107 1109/1109/1109
f 1107/1107/1107 1108/1108/1108 1110/1110/1110
f 1111/1111/1111 1105/1105/1105 1109/1109/1109
f 1111/1111/1111 1110/1110/1110 1108/1108/1108
f 1111/1111/1111 1109/1109/1109 1112/1112/1112
f 1110/1110/1110 1111/1111/1111 1112/1112/1112
f 1113/1113/1113 1114/1114/1114 1115/1115/1115
f 1114/1114/1114 1116/1116/1116 1115/1115/1115
f 1114/1114/1114 1113/1113/1113 1117/1117/1117
f 1114/1114/1114 1118/1118/1118 1116/1116/1116
f 1119/1119/1119 1117/1117/1117 1113/1113/1113
f 1120/1120/1120 1116/1116/1116 1118/1118/1118
f 1117/1117/1117 1119/1119/1119 1121/1121/1121
f 1118/1118/1118 1122/1122/1122 1120/1120/1120
f 1123/1123/1123 1121/1121/1121 1119/1119/1119
f 1122/1122/1122 1124/1124/1124 1120/1120/1120
f 1123/1123/1123 1119/1119/1119 1124/1124/1124
f 1124/1124/1124 1122/1122/1122 1123/1123/1123
f 1125/1125/1125 1126/1126/1126 1127/1127/1127
f 1128/1128/1128 1127/1127/1127 1126/1126/1126
f 1126/1126/1126 1125/1125/1125 1129/1129/1129
f 1128/1128/1128 1126/1126/1126 1130/1130/1130
f 1129/1129/1129 1125/1125/1125 1131/1131/1131
f 1130/1130/1130 1132/1132/1132 1128/1128/1128
f 1133/1133/1133 1131/1131/1131 1125/1125/1125
f 1132/1132/1132 1130/1130/1130 1134/1134/1134
f 1131/1131/1131 1133/1133/1133 1135/1135/1135
f 1132/1132/1132 1134/1134/1134 1136/1136/1136
f 1137/1137/1137 1135/1135/1135 1133/1133/1133
f 1136/1136/1136 1138/1138/1138 1132/1132/1132
f 1137/1137/1137 1139/1139/1139 1135/1135/1135
f 1139/1139/1139 1138/1138/1138 1136/1136/1136
f 1137/1137/1137 1140/1140/1140 1139/1139/1139
f 1138/1138/1138 1139/1139/1139 1140/1140/1140
